DATAFLOW,LAST UPDATE,freq,unit,direct,na_item,sector,geo,TIME_PERIOD,OBS_VALUE,OBS_FLAG,CONF_STATUS
ESTAT:TEC00113(1.0),27/07/26 11:00:00,Annual,"Purchasing power standard (PPS, EU27 from 2020), per inhabitant",Paid,"Adjusted disposable income, gross",Households; non-profit institutions serving households,Austria,2014,24835,,
ESTAT:TEC00113(1.0),27/07/26 11:00:00,Annual,"Purchasing power standard (PPS, EU27 from 2020), per inhabitant",Paid,"Adjusted disposable income, gross",Households; non-profit institutions serving households,Austria,2015,25112,,
ESTAT:TEC00113(1.0),27/07/26 11:00:00,Annual,"Purchasing power standard (PPS, EU27 from 2020), per inhabitant",Paid,"Adjusted disposable income, gross",Households; non-profit institutions serving households,Austria,2016,25537,,
ESTAT:TEC00113(1.0),27/07/26 11:00:00,Annual,"Purchasing power standard (PPS, EU27 from 2020), per inhabitant",Paid,"Adjusted disposable income, gross",Households; non-profit institutions serving households,Austria,2017,25793,,
ESTAT:TEC00113(1.0),27/07/26 11:00:00,Annual,"Purchasing power standard (PPS, EU27 from 2020), per inhabitant",Paid,"Adjusted disposable income, gross",Households; non-profit institutions serving households,Austria,2018,26444,,
ESTAT:TEC00113(1.0),27/07/26 11:00:00,Annual,"Purchasing power standard (PPS, EU27 from 2020), per inhabitant",Paid,"Adjusted disposable income, gross",Households; non-profit institutions serving households,Austria,2019,26744,,
ESTAT:TEC00113(1.0),27/07/26 11:00:00,Annual,"Purchasing power standard (PPS, EU27 from 2020), per inhabitant",Paid,"Adjusted disposable income, gross",Households; non-profit institutions serving households,Austria,2020,26778,,
ESTAT:TEC00113(1.0),27/07/26 11:00:00,Annual,"Purchasing power standard (PPS, EU27 from 2020), per inhabitant",Paid,"Adjusted disposable income, gross",Households; non-profit institutions serving households,Austria,2021,29103,,
ESTAT:TEC00113(1.0),27/07/26 11:00:00,Annual,"Purchasing power standard (PPS, EU27 from 2020), per inhabitant",Paid,"Adjusted disposable income, gross",Households; non-profit institutions serving households,Austria,2022,31547,,
ESTAT:TEC00113(1.0),27/07/26 11:00:00,Annual,"Purchasing power standard (PPS, EU27 from 2020), per inhabitant",Paid,"Adjusted disposable income, gross",Households; non-profit institutions serving households,Austria,2023,32639,,
ESTAT:TEC00113(1.0),27/07/26 11:00:00,Annual,"Purchasing power standard (PPS, EU27 from 2020), per inhabitant",Paid,"Adjusted disposable income, gross",Households; non-profit institutions serving households,Austria,2024,34443,,
ESTAT:TEC00113(1.0),27/07/26 11:00:00,Annual,"Purchasing power standard (PPS, EU27 from 2020), per inhabitant",Paid,"Adjusted disposable income, gross",Households; non-profit institutions serving households,Belgium,2014,23730,,
ESTAT:TEC00113(1.0),27/07/26 11:00:00,Annual,"Purchasing power standard (PPS, EU27 from 2020), per inhabitant",Paid,"Adjusted disposable income, gross",Households; non-profit institutions serving households,Belgium,2015,23973,,
ESTAT:TEC00113(1.0),27/07/26 11:00:00,Annual,"Purchasing power standard (PPS, EU27 from 2020), per inhabitant",Paid,"Adjusted disposable income, gross",Households; non-profit institutions serving households,Belgium,2016,24062,,
ESTAT:TEC00113(1.0),27/07/26 11:00:00,Annual,"Purchasing power standard (PPS, EU27 from 2020), per inhabitant",Paid,"Adjusted disposable income, gross",Households; non-profit institutions serving households,Belgium,2017,24575,,
ESTAT:TEC00113(1.0),27/07/26 11:00:00,Annual,"Purchasing power standard (PPS, EU27 from 2020), per inhabitant",Paid,"Adjusted disposable income, gross",Households; non-profit institutions serving households,Belgium,2018,25193,,
ESTAT:TEC00113(1.0),27/07/26 11:00:00,Annual,"Purchasing power standard (PPS, EU27 from 2020), per inhabitant",Paid,"Adjusted disposable income, gross",Households; non-profit institutions serving households,Belgium,2019,26103,,
ESTAT:TEC00113(1.0),27/07/26 11:00:00,Annual,"Purchasing power standard (PPS, EU27 from 2020), per inhabitant",Paid,"Adjusted disposable income, gross",Households; non-profit institutions serving households,Belgium,2020,26675,,
ESTAT:TEC00113(1.0),27/07/26 11:00:00,Annual,"Purchasing power standard (PPS, EU27 from 2020), per inhabitant",Paid,"Adjusted disposable income, gross",Households; non-profit institutions serving households,Belgium,2021,27901,,
ESTAT:TEC00113(1.0),27/07/26 11:00:00,Annual,"Purchasing power standard (PPS, EU27 from 2020), per inhabitant",Paid,"Adjusted disposable income, gross",Households; non-profit institutions serving households,Belgium,2022,29742,,
ESTAT:TEC00113(1.0),27/07/26 11:00:00,Annual,"Purchasing power standard (PPS, EU27 from 2020), per inhabitant",Paid,"Adjusted disposable income, gross",Households; non-profit institutions serving households,Belgium,2023,31962,,
ESTAT:TEC00113(1.0),27/07/26 11:00:00,Annual,"Purchasing power standard (PPS, EU27 from 2020), per inhabitant",Paid,"Adjusted disposable income, gross",Households; non-profit institutions serving households,Belgium,2024,33078,p,
ESTAT:TEC00113(1.0),27/07/26 11:00:00,Annual,"Purchasing power standard (PPS, EU27 from 2020), per inhabitant",Paid,"Adjusted disposable income, gross",Households; non-profit institutions serving households,Bulgaria,2014,9552,,
ESTAT:TEC00113(1.0),27/07/26 11:00:00,Annual,"Purchasing power standard (PPS, EU27 from 2020), per inhabitant",Paid,"Adjusted disposable income, gross",Households; non-profit institutions serving households,Bulgaria,2015,9909,,
ESTAT:TEC00113(1.0),27/07/26 11:00:00,Annual,"Purchasing power standard (PPS, EU27 from 2020), per inhabitant",Paid,"Adjusted disposable income, gross",Households; non-profit institutions serving households,Bulgaria,2016,10387,,
ESTAT:TEC00113(1.0),27/07/26 11:00:00,Annual,"Purchasing power standard (PPS, EU27 from 2020), per inhabitant",Paid,"Adjusted disposable income, gross",Households; non-profit institutions serving households,Bulgaria,2017,10892,,
ESTAT:TEC00113(1.0),27/07/26 11:00:00,Annual,"Purchasing power standard (PPS, EU27 from 2020), per inhabitant",Paid,"Adjusted disposable income, gross",Households; non-profit institutions serving households,Bulgaria,2018,12009,,
ESTAT:TEC00113(1.0),27/07/26 11:00:00,Annual,"Purchasing power standard (PPS, EU27 from 2020), per inhabitant",Paid,"Adjusted disposable income, gross",Households; non-profit institutions serving households,Bulgaria,2019,12327,,
ESTAT:TEC00113(1.0),27/07/26 11:00:00,Annual,"Purchasing power standard (PPS, EU27 from 2020), per inhabitant",Paid,"Adjusted disposable income, gross",Households; non-profit institutions serving households,Bulgaria,2020,12122,,
ESTAT:TEC00113(1.0),27/07/26 11:00:00,Annual,"Purchasing power standard (PPS, EU27 from 2020), per inhabitant",Paid,"Adjusted disposable income, gross",Households; non-profit institutions serving households,Bulgaria,2021,13469,,
ESTAT:TEC00113(1.0),27/07/26 11:00:00,Annual,"Purchasing power standard (PPS, EU27 from 2020), per inhabitant",Paid,"Adjusted disposable income, gross",Households; non-profit institutions serving households,Bulgaria,2022,15089,,
ESTAT:TEC00113(1.0),27/07/26 11:00:00,Annual,"Purchasing power standard (PPS, EU27 from 2020), per inhabitant",Paid,"Adjusted disposable income, gross",Households; non-profit institutions serving households,Cyprus,2014,16535,,
ESTAT:TEC00113(1.0),27/07/26 11:00:00,Annual,"Purchasing power standard (PPS, EU27 from 2020), per inhabitant",Paid,"Adjusted disposable income, gross",Households; non-profit institutions serving households,Cyprus,2015,16807,,
ESTAT:TEC00113(1.0),27/07/26 11:00:00,Annual,"Purchasing power standard (PPS, EU27 from 2020), per inhabitant",Paid,"Adjusted disposable income, gross",Households; non-profit institutions serving households,Cyprus,2016,17982,,
ESTAT:TEC00113(1.0),27/07/26 11:00:00,Annual,"Purchasing power standard (PPS, EU27 from 2020), per inhabitant",Paid,"Adjusted disposable income, gross",Households; non-profit institutions serving households,Cyprus,2017,18832,,
ESTAT:TEC00113(1.0),27/07/26 11:00:00,Annual,"Purchasing power standard (PPS, EU27 from 2020), per inhabitant",Paid,"Adjusted disposable income, gross",Households; non-profit institutions serving households,Cyprus,2018,19579,,
ESTAT:TEC00113(1.0),27/07/26 11:00:00,Annual,"Purchasing power standard (PPS, EU27 from 2020), per inhabitant",Paid,"Adjusted disposable income, gross",Households; non-profit institutions serving households,Cyprus,2019,21275,,
ESTAT:TEC00113(1.0),27/07/26 11:00:00,Annual,"Purchasing power standard (PPS, EU27 from 2020), per inhabitant",Paid,"Adjusted disposable income, gross",Households; non-profit institutions serving households,Cyprus,2020,21645,,
ESTAT:TEC00113(1.0),27/07/26 11:00:00,Annual,"Purchasing power standard (PPS, EU27 from 2020), per inhabitant",Paid,"Adjusted disposable income, gross",Households; non-profit institutions serving households,Cyprus,2021,22388,,
ESTAT:TEC00113(1.0),27/07/26 11:00:00,Annual,"Purchasing power standard (PPS, EU27 from 2020), per inhabitant",Paid,"Adjusted disposable income, gross",Households; non-profit institutions serving households,Cyprus,2022,23506,,
ESTAT:TEC00113(1.0),27/07/26 11:00:00,Annual,"Purchasing power standard (PPS, EU27 from 2020), per inhabitant",Paid,"Adjusted disposable income, gross",Households; non-profit institutions serving households,Cyprus,2023,24985,,
ESTAT:TEC00113(1.0),27/07/26 11:00:00,Annual,"Purchasing power standard (PPS, EU27 from 2020), per inhabitant",Paid,"Adjusted disposable income, gross",Households; non-profit institutions serving households,Cyprus,2024,26693,p,
ESTAT:TEC00113(1.0),27/07/26 11:00:00,Annual,"Purchasing power standard (PPS, EU27 from 2020), per inhabitant",Paid,"Adjusted disposable income, gross",Households; non-profit institutions serving households,Czechia,2014,16331,,
ESTAT:TEC00113(1.0),27/07/26 11:00:00,Annual,"Purchasing power standard (PPS, EU27 from 2020), per inhabitant",Paid,"Adjusted disposable income, gross",Households; non-profit institutions serving households,Czechia,2015,16604,,
ESTAT:TEC00113(1.0),27/07/26 11:00:00,Annual,"Purchasing power standard (PPS, EU27 from 2020), per inhabitant",Paid,"Adjusted disposable income, gross",Households; non-profit institutions serving households,Czechia,2016,17129,,
ESTAT:TEC00113(1.0),27/07/26 11:00:00,Annual,"Purchasing power standard (PPS, EU27 from 2020), per inhabitant",Paid,"Adjusted disposable income, gross",Households; non-profit institutions serving households,Czechia,2017,18485,,
ESTAT:TEC00113(1.0),27/07/26 11:00:00,Annual,"Purchasing power standard (PPS, EU27 from 2020), per inhabitant",Paid,"Adjusted disposable income, gross",Households; non-profit institutions serving households,Czechia,2018,19431,,
ESTAT:TEC00113(1.0),27/07/26 11:00:00,Annual,"Purchasing power standard (PPS, EU27 from 2020), per inhabitant",Paid,"Adjusted disposable income, gross",Households; non-profit institutions serving households,Czechia,2019,20360,,
ESTAT:TEC00113(1.0),27/07/26 11:00:00,Annual,"Purchasing power standard (PPS, EU27 from 2020), per inhabitant",Paid,"Adjusted disposable income, gross",Households; non-profit institutions serving households,Czechia,2020,21003,,
ESTAT:TEC00113(1.0),27/07/26 11:00:00,Annual,"Purchasing power standard (PPS, EU27 from 2020), per inhabitant",Paid,"Adjusted disposable income, gross",Households; non-profit institutions serving households,Czechia,2021,21994,,
ESTAT:TEC00113(1.0),27/07/26 11:00:00,Annual,"Purchasing power standard (PPS, EU27 from 2020), per inhabitant",Paid,"Adjusted disposable income, gross",Households; non-profit institutions serving households,Czechia,2022,23025,,
ESTAT:TEC00113(1.0),27/07/26 11:00:00,Annual,"Purchasing power standard (PPS, EU27 from 2020), per inhabitant",Paid,"Adjusted disposable income, gross",Households; non-profit institutions serving households,Czechia,2023,25023,,
ESTAT:TEC00113(1.0),27/07/26 11:00:00,Annual,"Purchasing power standard (PPS, EU27 from 2020), per inhabitant",Paid,"Adjusted disposable income, gross",Households; non-profit institutions serving households,Czechia,2024,25741,,
ESTAT:TEC00113(1.0),27/07/26 11:00:00,Annual,"Purchasing power standard (PPS, EU27 from 2020), per inhabitant",Paid,"Adjusted disposable income, gross",Households; non-profit institutions serving households,Czechia,2025,27039,,
ESTAT:TEC00113(1.0),27/07/26 11:00:00,Annual,"Purchasing power standard (PPS, EU27 from 2020), per inhabitant",Paid,"Adjusted disposable income, gross",Households; non-profit institutions serving households,Germany,2014,26303,,
ESTAT:TEC00113(1.0),27/07/26 11:00:00,Annual,"Purchasing power standard (PPS, EU27 from 2020), per inhabitant",Paid,"Adjusted disposable income, gross",Households; non-profit institutions serving households,Germany,2015,26696,,
ESTAT:TEC00113(1.0),27/07/26 11:00:00,Annual,"Purchasing power standard (PPS, EU27 from 2020), per inhabitant",Paid,"Adjusted disposable income, gross",Households; non-profit institutions serving households,Germany,2016,27514,,
ESTAT:TEC00113(1.0),27/07/26 11:00:00,Annual,"Purchasing power standard (PPS, EU27 from 2020), per inhabitant",Paid,"Adjusted disposable income, gross",Households; non-profit institutions serving households,Germany,2017,28452,,
ESTAT:TEC00113(1.0),27/07/26 11:00:00,Annual,"Purchasing power standard (PPS, EU27 from 2020), per inhabitant",Paid,"Adjusted disposable income, gross",Households; non-profit institutions serving households,Germany,2018,29604,,
ESTAT:TEC00113(1.0),27/07/26 11:00:00,Annual,"Purchasing power standard (PPS, EU27 from 2020), per inhabitant",Paid,"Adjusted disposable income, gross",Households; non-profit institutions serving households,Germany,2019,30098,,
ESTAT:TEC00113(1.0),27/07/26 11:00:00,Annual,"Purchasing power standard (PPS, EU27 from 2020), per inhabitant",Paid,"Adjusted disposable income, gross",Households; non-profit institutions serving households,Germany,2020,30503,,
ESTAT:TEC00113(1.0),27/07/26 11:00:00,Annual,"Purchasing power standard (PPS, EU27 from 2020), per inhabitant",Paid,"Adjusted disposable income, gross",Households; non-profit institutions serving households,Germany,2021,31753,p,
ESTAT:TEC00113(1.0),27/07/26 11:00:00,Annual,"Purchasing power standard (PPS, EU27 from 2020), per inhabitant",Paid,"Adjusted disposable income, gross",Households; non-profit institutions serving households,Germany,2022,34087,p,
ESTAT:TEC00113(1.0),27/07/26 11:00:00,Annual,"Purchasing power standard (PPS, EU27 from 2020), per inhabitant",Paid,"Adjusted disposable income, gross",Households; non-profit institutions serving households,Germany,2023,35487,p,
ESTAT:TEC00113(1.0),27/07/26 11:00:00,Annual,"Purchasing power standard (PPS, EU27 from 2020), per inhabitant",Paid,"Adjusted disposable income, gross",Households; non-profit institutions serving households,Germany,2024,37038,p,
ESTAT:TEC00113(1.0),27/07/26 11:00:00,Annual,"Purchasing power standard (PPS, EU27 from 2020), per inhabitant",Paid,"Adjusted disposable income, gross",Households; non-profit institutions serving households,Germany,2025,38462,p,
ESTAT:TEC00113(1.0),27/07/26 11:00:00,Annual,"Purchasing power standard (PPS, EU27 from 2020), per inhabitant",Paid,"Adjusted disposable income, gross",Households; non-profit institutions serving households,Denmark,2014,21183,,
ESTAT:TEC00113(1.0),27/07/26 11:00:00,Annual,"Purchasing power standard (PPS, EU27 from 2020), per inhabitant",Paid,"Adjusted disposable income, gross",Households; non-profit institutions serving households,Denmark,2015,21981,,
ESTAT:TEC00113(1.0),27/07/26 11:00:00,Annual,"Purchasing power standard (PPS, EU27 from 2020), per inhabitant",Paid,"Adjusted disposable income, gross",Households; non-profit institutions serving households,Denmark,2016,22355,,
ESTAT:TEC00113(1.0),27/07/26 11:00:00,Annual,"Purchasing power standard (PPS, EU27 from 2020), per inhabitant",Paid,"Adjusted disposable income, gross",Households; non-profit institutions serving households,Denmark,2017,23282,,
ESTAT:TEC00113(1.0),27/07/26 11:00:00,Annual,"Purchasing power standard (PPS, EU27 from 2020), per inhabitant",Paid,"Adjusted disposable income, gross",Households; non-profit institutions serving households,Denmark,2018,24059,,
ESTAT:TEC00113(1.0),27/07/26 11:00:00,Annual,"Purchasing power standard (PPS, EU27 from 2020), per inhabitant",Paid,"Adjusted disposable income, gross",Households; non-profit institutions serving households,Denmark,2019,24280,,
ESTAT:TEC00113(1.0),27/07/26 11:00:00,Annual,"Purchasing power standard (PPS, EU27 from 2020), per inhabitant",Paid,"Adjusted disposable income, gross",Households; non-profit institutions serving households,Denmark,2020,24603,,
ESTAT:TEC00113(1.0),27/07/26 11:00:00,Annual,"Purchasing power standard (PPS, EU27 from 2020), per inhabitant",Paid,"Adjusted disposable income, gross",Households; non-profit institutions serving households,Denmark,2021,25842,,
ESTAT:TEC00113(1.0),27/07/26 11:00:00,Annual,"Purchasing power standard (PPS, EU27 from 2020), per inhabitant",Paid,"Adjusted disposable income, gross",Households; non-profit institutions serving households,Denmark,2022,26757,,
ESTAT:TEC00113(1.0),27/07/26 11:00:00,Annual,"Purchasing power standard (PPS, EU27 from 2020), per inhabitant",Paid,"Adjusted disposable income, gross",Households; non-profit institutions serving households,Denmark,2023,28834,,
ESTAT:TEC00113(1.0),27/07/26 11:00:00,Annual,"Purchasing power standard (PPS, EU27 from 2020), per inhabitant",Paid,"Adjusted disposable income, gross",Households; non-profit institutions serving households,Denmark,2024,30037,,
ESTAT:TEC00113(1.0),27/07/26 11:00:00,Annual,"Purchasing power standard (PPS, EU27 from 2020), per inhabitant",Paid,"Adjusted disposable income, gross",Households; non-profit institutions serving households,Denmark,2025,31509,,
ESTAT:TEC00113(1.0),27/07/26 11:00:00,Annual,"Purchasing power standard (PPS, EU27 from 2020), per inhabitant",Paid,"Adjusted disposable income, gross",Households; non-profit institutions serving households,Estonia,2014,13449,,
ESTAT:TEC00113(1.0),27/07/26 11:00:00,Annual,"Purchasing power standard (PPS, EU27 from 2020), per inhabitant",Paid,"Adjusted disposable income, gross",Households; non-profit institutions serving households,Estonia,2015,14321,,
ESTAT:TEC00113(1.0),27/07/26 11:00:00,Annual,"Purchasing power standard (PPS, EU27 from 2020), per inhabitant",Paid,"Adjusted disposable income, gross",Households; non-profit institutions serving households,Estonia,2016,14739,,
ESTAT:TEC00113(1.0),27/07/26 11:00:00,Annual,"Purchasing power standard (PPS, EU27 from 2020), per inhabitant",Paid,"Adjusted disposable income, gross",Households; non-profit institutions serving households,Estonia,2017,15358,,
ESTAT:TEC00113(1.0),27/07/26 11:00:00,Annual,"Purchasing power standard (PPS, EU27 from 2020), per inhabitant",Paid,"Adjusted disposable income, gross",Households; non-profit institutions serving households,Estonia,2018,16688,,
ESTAT:TEC00113(1.0),27/07/26 11:00:00,Annual,"Purchasing power standard (PPS, EU27 from 2020), per inhabitant",Paid,"Adjusted disposable income, gross",Households; non-profit institutions serving households,Estonia,2019,17233,,
ESTAT:TEC00113(1.0),27/07/26 11:00:00,Annual,"Purchasing power standard (PPS, EU27 from 2020), per inhabitant",Paid,"Adjusted disposable income, gross",Households; non-profit institutions serving households,Estonia,2020,17522,,
ESTAT:TEC00113(1.0),27/07/26 11:00:00,Annual,"Purchasing power standard (PPS, EU27 from 2020), per inhabitant",Paid,"Adjusted disposable income, gross",Households; non-profit institutions serving households,Estonia,2021,18121,,
ESTAT:TEC00113(1.0),27/07/26 11:00:00,Annual,"Purchasing power standard (PPS, EU27 from 2020), per inhabitant",Paid,"Adjusted disposable income, gross",Households; non-profit institutions serving households,Estonia,2022,18765,,
ESTAT:TEC00113(1.0),27/07/26 11:00:00,Annual,"Purchasing power standard (PPS, EU27 from 2020), per inhabitant",Paid,"Adjusted disposable income, gross",Households; non-profit institutions serving households,Estonia,2023,19468,,
ESTAT:TEC00113(1.0),27/07/26 11:00:00,Annual,"Purchasing power standard (PPS, EU27 from 2020), per inhabitant",Paid,"Adjusted disposable income, gross",Households; non-profit institutions serving households,Estonia,2024,20980,,
ESTAT:TEC00113(1.0),27/07/26 11:00:00,Annual,"Purchasing power standard (PPS, EU27 from 2020), per inhabitant",Paid,"Adjusted disposable income, gross",Households; non-profit institutions serving households,Greece,2014,13934,p,
ESTAT:TEC00113(1.0),27/07/26 11:00:00,Annual,"Purchasing power standard (PPS, EU27 from 2020), per inhabitant",Paid,"Adjusted disposable income, gross",Households; non-profit institutions serving households,Greece,2015,14319,p,
ESTAT:TEC00113(1.0),27/07/26 11:00:00,Annual,"Purchasing power standard (PPS, EU27 from 2020), per inhabitant",Paid,"Adjusted disposable income, gross",Households; non-profit institutions serving households,Greece,2016,14358,p,
ESTAT:TEC00113(1.0),27/07/26 11:00:00,Annual,"Purchasing power standard (PPS, EU27 from 2020), per inhabitant",Paid,"Adjusted disposable income, gross",Households; non-profit institutions serving households,Greece,2017,14692,p,
ESTAT:TEC00113(1.0),27/07/26 11:00:00,Annual,"Purchasing power standard (PPS, EU27 from 2020), per inhabitant",Paid,"Adjusted disposable income, gross",Households; non-profit institutions serving households,Greece,2018,14765,p,
ESTAT:TEC00113(1.0),27/07/26 11:00:00,Annual,"Purchasing power standard (PPS, EU27 from 2020), per inhabitant",Paid,"Adjusted disposable income, gross",Households; non-profit institutions serving households,Greece,2019,15714,p,
ESTAT:TEC00113(1.0),27/07/26 11:00:00,Annual,"Purchasing power standard (PPS, EU27 from 2020), per inhabitant",Paid,"Adjusted disposable income, gross",Households; non-profit institutions serving households,Greece,2020,15176,p,
ESTAT:TEC00113(1.0),27/07/26 11:00:00,Annual,"Purchasing power standard (PPS, EU27 from 2020), per inhabitant",Paid,"Adjusted disposable income, gross",Households; non-profit institutions serving households,Greece,2021,16971,p,
ESTAT:TEC00113(1.0),27/07/26 11:00:00,Annual,"Purchasing power standard (PPS, EU27 from 2020), per inhabitant",Paid,"Adjusted disposable income, gross",Households; non-profit institutions serving households,Greece,2022,17940,p,
ESTAT:TEC00113(1.0),27/07/26 11:00:00,Annual,"Purchasing power standard (PPS, EU27 from 2020), per inhabitant",Paid,"Adjusted disposable income, gross",Households; non-profit institutions serving households,Greece,2023,19831,p,
ESTAT:TEC00113(1.0),27/07/26 11:00:00,Annual,"Purchasing power standard (PPS, EU27 from 2020), per inhabitant",Paid,"Adjusted disposable income, gross",Households; non-profit institutions serving households,Greece,2024,20639,p,
ESTAT:TEC00113(1.0),27/07/26 11:00:00,Annual,"Purchasing power standard (PPS, EU27 from 2020), per inhabitant",Paid,"Adjusted disposable income, gross",Households; non-profit institutions serving households,Spain,2014,17375,,
ESTAT:TEC00113(1.0),27/07/26 11:00:00,Annual,"Purchasing power standard (PPS, EU27 from 2020), per inhabitant",Paid,"Adjusted disposable income, gross",Households; non-profit institutions serving households,Spain,2015,18278,,
ESTAT:TEC00113(1.0),27/07/26 11:00:00,Annual,"Purchasing power standard (PPS, EU27 from 2020), per inhabitant",Paid,"Adjusted disposable income, gross",Households; non-profit institutions serving households,Spain,2016,18641,,
ESTAT:TEC00113(1.0),27/07/26 11:00:00,Annual,"Purchasing power standard (PPS, EU27 from 2020), per inhabitant",Paid,"Adjusted disposable income, gross",Households; non-profit institutions serving households,Spain,2017,19317,,
ESTAT:TEC00113(1.0),27/07/26 11:00:00,Annual,"Purchasing power standard (PPS, EU27 from 2020), per inhabitant",Paid,"Adjusted disposable income, gross",Households; non-profit institutions serving households,Spain,2018,19560,,
ESTAT:TEC00113(1.0),27/07/26 11:00:00,Annual,"Purchasing power standard (PPS, EU27 from 2020), per inhabitant",Paid,"Adjusted disposable income, gross",Households; non-profit institutions serving households,Spain,2019,20469,,
ESTAT:TEC00113(1.0),27/07/26 11:00:00,Annual,"Purchasing power standard (PPS, EU27 from 2020), per inhabitant",Paid,"Adjusted disposable income, gross",Households; non-profit institutions serving households,Spain,2020,19637,,
ESTAT:TEC00113(1.0),27/07/26 11:00:00,Annual,"Purchasing power standard (PPS, EU27 from 2020), per inhabitant",Paid,"Adjusted disposable income, gross",Households; non-profit institutions serving households,Spain,2021,21460,,
ESTAT:TEC00113(1.0),27/07/26 11:00:00,Annual,"Purchasing power standard (PPS, EU27 from 2020), per inhabitant",Paid,"Adjusted disposable income, gross",Households; non-profit institutions serving households,Spain,2022,22839,,
ESTAT:TEC00113(1.0),27/07/26 11:00:00,Annual,"Purchasing power standard (PPS, EU27 from 2020), per inhabitant",Paid,"Adjusted disposable income, gross",Households; non-profit institutions serving households,Spain,2023,25350,p,
ESTAT:TEC00113(1.0),27/07/26 11:00:00,Annual,"Purchasing power standard (PPS, EU27 from 2020), per inhabitant",Paid,"Adjusted disposable income, gross",Households; non-profit institutions serving households,Spain,2024,26999,p,
ESTAT:TEC00113(1.0),27/07/26 11:00:00,Annual,"Purchasing power standard (PPS, EU27 from 2020), per inhabitant",Paid,"Adjusted disposable income, gross",Households; non-profit institutions serving households,Finland,2014,22200,,
ESTAT:TEC00113(1.0),27/07/26 11:00:00,Annual,"Purchasing power standard (PPS, EU27 from 2020), per inhabitant",Paid,"Adjusted disposable income, gross",Households; non-profit institutions serving households,Finland,2015,22751,,
ESTAT:TEC00113(1.0),27/07/26 11:00:00,Annual,"Purchasing power standard (PPS, EU27 from 2020), per inhabitant",Paid,"Adjusted disposable income, gross",Households; non-profit institutions serving households,Finland,2016,22931,,
ESTAT:TEC00113(1.0),27/07/26 11:00:00,Annual,"Purchasing power standard (PPS, EU27 from 2020), per inhabitant",Paid,"Adjusted disposable income, gross",Households; non-profit institutions serving households,Finland,2017,23592,,
ESTAT:TEC00113(1.0),27/07/26 11:00:00,Annual,"Purchasing power standard (PPS, EU27 from 2020), per inhabitant",Paid,"Adjusted disposable income, gross",Households; non-profit institutions serving households,Finland,2018,24296,,
ESTAT:TEC00113(1.0),27/07/26 11:00:00,Annual,"Purchasing power standard (PPS, EU27 from 2020), per inhabitant",Paid,"Adjusted disposable income, gross",Households; non-profit institutions serving households,Finland,2019,24823,,
ESTAT:TEC00113(1.0),27/07/26 11:00:00,Annual,"Purchasing power standard (PPS, EU27 from 2020), per inhabitant",Paid,"Adjusted disposable income, gross",Households; non-profit institutions serving households,Finland,2020,25165,,
ESTAT:TEC00113(1.0),27/07/26 11:00:00,Annual,"Purchasing power standard (PPS, EU27 from 2020), per inhabitant",Paid,"Adjusted disposable income, gross",Households; non-profit institutions serving households,Finland,2021,26040,,
ESTAT:TEC00113(1.0),27/07/26 11:00:00,Annual,"Purchasing power standard (PPS, EU27 from 2020), per inhabitant",Paid,"Adjusted disposable income, gross",Households; non-profit institutions serving households,Finland,2022,26811,,
ESTAT:TEC00113(1.0),27/07/26 11:00:00,Annual,"Purchasing power standard (PPS, EU27 from 2020), per inhabitant",Paid,"Adjusted disposable income, gross",Households; non-profit institutions serving households,Finland,2023,28613,,
ESTAT:TEC00113(1.0),27/07/26 11:00:00,Annual,"Purchasing power standard (PPS, EU27 from 2020), per inhabitant",Paid,"Adjusted disposable income, gross",Households; non-profit institutions serving households,Finland,2024,29533,,
ESTAT:TEC00113(1.0),27/07/26 11:00:00,Annual,"Purchasing power standard (PPS, EU27 from 2020), per inhabitant",Paid,"Adjusted disposable income, gross",Households; non-profit institutions serving households,Finland,2025,30383,,
ESTAT:TEC00113(1.0),27/07/26 11:00:00,Annual,"Purchasing power standard (PPS, EU27 from 2020), per inhabitant",Paid,"Adjusted disposable income, gross",Households; non-profit institutions serving households,France,2014,23330,,
ESTAT:TEC00113(1.0),27/07/26 11:00:00,Annual,"Purchasing power standard (PPS, EU27 from 2020), per inhabitant",Paid,"Adjusted disposable income, gross",Households; non-profit institutions serving households,France,2015,23498,,
ESTAT:TEC00113(1.0),27/07/26 11:00:00,Annual,"Purchasing power standard (PPS, EU27 from 2020), per inhabitant",Paid,"Adjusted disposable income, gross",Households; non-profit institutions serving households,France,2016,23879,,
ESTAT:TEC00113(1.0),27/07/26 11:00:00,Annual,"Purchasing power standard (PPS, EU27 from 2020), per inhabitant",Paid,"Adjusted disposable income, gross",Households; non-profit institutions serving households,France,2017,24326,,
ESTAT:TEC00113(1.0),27/07/26 11:00:00,Annual,"Purchasing power standard (PPS, EU27 from 2020), per inhabitant",Paid,"Adjusted disposable income, gross",Households; non-profit institutions serving households,France,2018,24739,,
ESTAT:TEC00113(1.0),27/07/26 11:00:00,Annual,"Purchasing power standard (PPS, EU27 from 2020), per inhabitant",Paid,"Adjusted disposable income, gross",Households; non-profit institutions serving households,France,2019,25691,,
ESTAT:TEC00113(1.0),27/07/26 11:00:00,Annual,"Purchasing power standard (PPS, EU27 from 2020), per inhabitant",Paid,"Adjusted disposable income, gross",Households; non-profit institutions serving households,France,2020,26156,,
ESTAT:TEC00113(1.0),27/07/26 11:00:00,Annual,"Purchasing power standard (PPS, EU27 from 2020), per inhabitant",Paid,"Adjusted disposable income, gross",Households; non-profit institutions serving households,France,2021,27112,,
ESTAT:TEC00113(1.0),27/07/26 11:00:00,Annual,"Purchasing power standard (PPS, EU27 from 2020), per inhabitant",Paid,"Adjusted disposable income, gross",Households; non-profit institutions serving households,France,2022,28584,,
ESTAT:TEC00113(1.0),27/07/26 11:00:00,Annual,"Purchasing power standard (PPS, EU27 from 2020), per inhabitant",Paid,"Adjusted disposable income, gross",Households; non-profit institutions serving households,France,2023,30697,p,
ESTAT:TEC00113(1.0),27/07/26 11:00:00,Annual,"Purchasing power standard (PPS, EU27 from 2020), per inhabitant",Paid,"Adjusted disposable income, gross",Households; non-profit institutions serving households,France,2024,32371,p,
ESTAT:TEC00113(1.0),27/07/26 11:00:00,Annual,"Purchasing power standard (PPS, EU27 from 2020), per inhabitant",Paid,"Adjusted disposable income, gross",Households; non-profit institutions serving households,Croatia,2014,12235,,
ESTAT:TEC00113(1.0),27/07/26 11:00:00,Annual,"Purchasing power standard (PPS, EU27 from 2020), per inhabitant",Paid,"Adjusted disposable income, gross",Households; non-profit institutions serving households,Croatia,2015,12281,,
ESTAT:TEC00113(1.0),27/07/26 11:00:00,Annual,"Purchasing power standard (PPS, EU27 from 2020), per inhabitant",Paid,"Adjusted disposable income, gross",Households; non-profit institutions serving households,Croatia,2016,13147,,
ESTAT:TEC00113(1.0),27/07/26 11:00:00,Annual,"Purchasing power standard (PPS, EU27 from 2020), per inhabitant",Paid,"Adjusted disposable income, gross",Households; non-profit institutions serving households,Croatia,2017,13648,,
ESTAT:TEC00113(1.0),27/07/26 11:00:00,Annual,"Purchasing power standard (PPS, EU27 from 2020), per inhabitant",Paid,"Adjusted disposable income, gross",Households; non-profit institutions serving households,Croatia,2018,14351,,
ESTAT:TEC00113(1.0),27/07/26 11:00:00,Annual,"Purchasing power standard (PPS, EU27 from 2020), per inhabitant",Paid,"Adjusted disposable income, gross",Households; non-profit institutions serving households,Croatia,2019,15044,,
ESTAT:TEC00113(1.0),27/07/26 11:00:00,Annual,"Purchasing power standard (PPS, EU27 from 2020), per inhabitant",Paid,"Adjusted disposable income, gross",Households; non-profit institutions serving households,Croatia,2020,15371,,
ESTAT:TEC00113(1.0),27/07/26 11:00:00,Annual,"Purchasing power standard (PPS, EU27 from 2020), per inhabitant",Paid,"Adjusted disposable income, gross",Households; non-profit institutions serving households,Croatia,2021,17619,,
ESTAT:TEC00113(1.0),27/07/26 11:00:00,Annual,"Purchasing power standard (PPS, EU27 from 2020), per inhabitant",Paid,"Adjusted disposable income, gross",Households; non-profit institutions serving households,Croatia,2022,18716,,
ESTAT:TEC00113(1.0),27/07/26 11:00:00,Annual,"Purchasing power standard (PPS, EU27 from 2020), per inhabitant",Paid,"Adjusted disposable income, gross",Households; non-profit institutions serving households,Croatia,2023,20279,,
ESTAT:TEC00113(1.0),27/07/26 11:00:00,Annual,"Purchasing power standard (PPS, EU27 from 2020), per inhabitant",Paid,"Adjusted disposable income, gross",Households; non-profit institutions serving households,Croatia,2024,22040,p,
ESTAT:TEC00113(1.0),27/07/26 11:00:00,Annual,"Purchasing power standard (PPS, EU27 from 2020), per inhabitant",Paid,"Adjusted disposable income, gross",Households; non-profit institutions serving households,Hungary,2014,12917,,
ESTAT:TEC00113(1.0),27/07/26 11:00:00,Annual,"Purchasing power standard (PPS, EU27 from 2020), per inhabitant",Paid,"Adjusted disposable income, gross",Households; non-profit institutions serving households,Hungary,2015,13270,,
ESTAT:TEC00113(1.0),27/07/26 11:00:00,Annual,"Purchasing power standard (PPS, EU27 from 2020), per inhabitant",Paid,"Adjusted disposable income, gross",Households; non-profit institutions serving households,Hungary,2016,13555,,
ESTAT:TEC00113(1.0),27/07/26 11:00:00,Annual,"Purchasing power standard (PPS, EU27 from 2020), per inhabitant",Paid,"Adjusted disposable income, gross",Households; non-profit institutions serving households,Hungary,2017,14093,,
ESTAT:TEC00113(1.0),27/07/26 11:00:00,Annual,"Purchasing power standard (PPS, EU27 from 2020), per inhabitant",Paid,"Adjusted disposable income, gross",Households; non-profit institutions serving households,Hungary,2018,15153,,
ESTAT:TEC00113(1.0),27/07/26 11:00:00,Annual,"Purchasing power standard (PPS, EU27 from 2020), per inhabitant",Paid,"Adjusted disposable income, gross",Households; non-profit institutions serving households,Hungary,2019,16137,,
ESTAT:TEC00113(1.0),27/07/26 11:00:00,Annual,"Purchasing power standard (PPS, EU27 from 2020), per inhabitant",Paid,"Adjusted disposable income, gross",Households; non-profit institutions serving households,Hungary,2020,16194,,
ESTAT:TEC00113(1.0),27/07/26 11:00:00,Annual,"Purchasing power standard (PPS, EU27 from 2020), per inhabitant",Paid,"Adjusted disposable income, gross",Households; non-profit institutions serving households,Hungary,2021,17786,,
ESTAT:TEC00113(1.0),27/07/26 11:00:00,Annual,"Purchasing power standard (PPS, EU27 from 2020), per inhabitant",Paid,"Adjusted disposable income, gross",Households; non-profit institutions serving households,Hungary,2022,19249,,
ESTAT:TEC00113(1.0),27/07/26 11:00:00,Annual,"Purchasing power standard (PPS, EU27 from 2020), per inhabitant",Paid,"Adjusted disposable income, gross",Households; non-profit institutions serving households,Hungary,2023,21083,,
ESTAT:TEC00113(1.0),27/07/26 11:00:00,Annual,"Purchasing power standard (PPS, EU27 from 2020), per inhabitant",Paid,"Adjusted disposable income, gross",Households; non-profit institutions serving households,Hungary,2024,22776,,
ESTAT:TEC00113(1.0),27/07/26 11:00:00,Annual,"Purchasing power standard (PPS, EU27 from 2020), per inhabitant",Paid,"Adjusted disposable income, gross",Households; non-profit institutions serving households,Ireland,2014,18699,,
ESTAT:TEC00113(1.0),27/07/26 11:00:00,Annual,"Purchasing power standard (PPS, EU27 from 2020), per inhabitant",Paid,"Adjusted disposable income, gross",Households; non-profit institutions serving households,Ireland,2015,19501,,
ESTAT:TEC00113(1.0),27/07/26 11:00:00,Annual,"Purchasing power standard (PPS, EU27 from 2020), per inhabitant",Paid,"Adjusted disposable income, gross",Households; non-profit institutions serving households,Ireland,2016,19959,,
ESTAT:TEC00113(1.0),27/07/26 11:00:00,Annual,"Purchasing power standard (PPS, EU27 from 2020), per inhabitant",Paid,"Adjusted disposable income, gross",Households; non-profit institutions serving households,Ireland,2017,20625,,
ESTAT:TEC00113(1.0),27/07/26 11:00:00,Annual,"Purchasing power standard (PPS, EU27 from 2020), per inhabitant",Paid,"Adjusted disposable income, gross",Households; non-profit institutions serving households,Ireland,2018,21015,,
ESTAT:TEC00113(1.0),27/07/26 11:00:00,Annual,"Purchasing power standard (PPS, EU27 from 2020), per inhabitant",Paid,"Adjusted disposable income, gross",Households; non-profit institutions serving households,Ireland,2019,21702,,
ESTAT:TEC00113(1.0),27/07/26 11:00:00,Annual,"Purchasing power standard (PPS, EU27 from 2020), per inhabitant",Paid,"Adjusted disposable income, gross",Households; non-profit institutions serving households,Ireland,2020,21741,,
ESTAT:TEC00113(1.0),27/07/26 11:00:00,Annual,"Purchasing power standard (PPS, EU27 from 2020), per inhabitant",Paid,"Adjusted disposable income, gross",Households; non-profit institutions serving households,Ireland,2021,23230,,
ESTAT:TEC00113(1.0),27/07/26 11:00:00,Annual,"Purchasing power standard (PPS, EU27 from 2020), per inhabitant",Paid,"Adjusted disposable income, gross",Households; non-profit institutions serving households,Ireland,2022,24563,,
ESTAT:TEC00113(1.0),27/07/26 11:00:00,Annual,"Purchasing power standard (PPS, EU27 from 2020), per inhabitant",Paid,"Adjusted disposable income, gross",Households; non-profit institutions serving households,Ireland,2023,27105,,
ESTAT:TEC00113(1.0),27/07/26 11:00:00,Annual,"Purchasing power standard (PPS, EU27 from 2020), per inhabitant",Paid,"Adjusted disposable income, gross",Households; non-profit institutions serving households,Ireland,2024,28933,,
ESTAT:TEC00113(1.0),27/07/26 11:00:00,Annual,"Purchasing power standard (PPS, EU27 from 2020), per inhabitant",Paid,"Adjusted disposable income, gross",Households; non-profit institutions serving households,Italy,2014,20246,,
ESTAT:TEC00113(1.0),27/07/26 11:00:00,Annual,"Purchasing power standard (PPS, EU27 from 2020), per inhabitant",Paid,"Adjusted disposable income, gross",Households; non-profit institutions serving households,Italy,2015,20523,,
ESTAT:TEC00113(1.0),27/07/26 11:00:00,Annual,"Purchasing power standard (PPS, EU27 from 2020), per inhabitant",Paid,"Adjusted disposable income, gross",Households; non-profit institutions serving households,Italy,2016,21103,,
ESTAT:TEC00113(1.0),27/07/26 11:00:00,Annual,"Purchasing power standard (PPS, EU27 from 2020), per inhabitant",Paid,"Adjusted disposable income, gross",Households; non-profit institutions serving households,Italy,2017,21707,,
ESTAT:TEC00113(1.0),27/07/26 11:00:00,Annual,"Purchasing power standard (PPS, EU27 from 2020), per inhabitant",Paid,"Adjusted disposable income, gross",Households; non-profit institutions serving households,Italy,2018,22140,,
ESTAT:TEC00113(1.0),27/07/26 11:00:00,Annual,"Purchasing power standard (PPS, EU27 from 2020), per inhabitant",Paid,"Adjusted disposable income, gross",Households; non-profit institutions serving households,Italy,2019,22661,,
ESTAT:TEC00113(1.0),27/07/26 11:00:00,Annual,"Purchasing power standard (PPS, EU27 from 2020), per inhabitant",Paid,"Adjusted disposable income, gross",Households; non-profit institutions serving households,Italy,2020,22501,,
ESTAT:TEC00113(1.0),27/07/26 11:00:00,Annual,"Purchasing power standard (PPS, EU27 from 2020), per inhabitant",Paid,"Adjusted disposable income, gross",Households; non-profit institutions serving households,Italy,2021,23850,,
ESTAT:TEC00113(1.0),27/07/26 11:00:00,Annual,"Purchasing power standard (PPS, EU27 from 2020), per inhabitant",Paid,"Adjusted disposable income, gross",Households; non-profit institutions serving households,Italy,2022,25947,,
ESTAT:TEC00113(1.0),27/07/26 11:00:00,Annual,"Purchasing power standard (PPS, EU27 from 2020), per inhabitant",Paid,"Adjusted disposable income, gross",Households; non-profit institutions serving households,Italy,2023,27684,,
ESTAT:TEC00113(1.0),27/07/26 11:00:00,Annual,"Purchasing power standard (PPS, EU27 from 2020), per inhabitant",Paid,"Adjusted disposable income, gross",Households; non-profit institutions serving households,Italy,2024,28677,,
ESTAT:TEC00113(1.0),27/07/26 11:00:00,Annual,"Purchasing power standard (PPS, EU27 from 2020), per inhabitant",Paid,"Adjusted disposable income, gross",Households; non-profit institutions serving households,Lithuania,2014,14384,,
ESTAT:TEC00113(1.0),27/07/26 11:00:00,Annual,"Purchasing power standard (PPS, EU27 from 2020), per inhabitant",Paid,"Adjusted disposable income, gross",Households; non-profit institutions serving households,Lithuania,2015,15086,,
ESTAT:TEC00113(1.0),27/07/26 11:00:00,Annual,"Purchasing power standard (PPS, EU27 from 2020), per inhabitant",Paid,"Adjusted disposable income, gross",Households; non-profit institutions serving households,Lithuania,2016,16058,,
ESTAT:TEC00113(1.0),27/07/26 11:00:00,Annual,"Purchasing power standard (PPS, EU27 from 2020), per inhabitant",Paid,"Adjusted disposable income, gross",Households; non-profit institutions serving households,Lithuania,2017,16280,,
ESTAT:TEC00113(1.0),27/07/26 11:00:00,Annual,"Purchasing power standard (PPS, EU27 from 2020), per inhabitant",Paid,"Adjusted disposable income, gross",Households; non-profit institutions serving households,Lithuania,2018,17144,,
ESTAT:TEC00113(1.0),27/07/26 11:00:00,Annual,"Purchasing power standard (PPS, EU27 from 2020), per inhabitant",Paid,"Adjusted disposable income, gross",Households; non-profit institutions serving households,Lithuania,2019,18732,,
ESTAT:TEC00113(1.0),27/07/26 11:00:00,Annual,"Purchasing power standard (PPS, EU27 from 2020), per inhabitant",Paid,"Adjusted disposable income, gross",Households; non-profit institutions serving households,Lithuania,2020,19963,,
ESTAT:TEC00113(1.0),27/07/26 11:00:00,Annual,"Purchasing power standard (PPS, EU27 from 2020), per inhabitant",Paid,"Adjusted disposable income, gross",Households; non-profit institutions serving households,Lithuania,2021,21658,,
ESTAT:TEC00113(1.0),27/07/26 11:00:00,Annual,"Purchasing power standard (PPS, EU27 from 2020), per inhabitant",Paid,"Adjusted disposable income, gross",Households; non-profit institutions serving households,Lithuania,2022,22098,,
ESTAT:TEC00113(1.0),27/07/26 11:00:00,Annual,"Purchasing power standard (PPS, EU27 from 2020), per inhabitant",Paid,"Adjusted disposable income, gross",Households; non-profit institutions serving households,Lithuania,2023,22946,,
ESTAT:TEC00113(1.0),27/07/26 11:00:00,Annual,"Purchasing power standard (PPS, EU27 from 2020), per inhabitant",Paid,"Adjusted disposable income, gross",Households; non-profit institutions serving households,Lithuania,2024,24503,,
ESTAT:TEC00113(1.0),27/07/26 11:00:00,Annual,"Purchasing power standard (PPS, EU27 from 2020), per inhabitant",Paid,"Adjusted disposable income, gross",Households; non-profit institutions serving households,Luxembourg,2014,31675,,
ESTAT:TEC00113(1.0),27/07/26 11:00:00,Annual,"Purchasing power standard (PPS, EU27 from 2020), per inhabitant",Paid,"Adjusted disposable income, gross",Households; non-profit institutions serving households,Luxembourg,2015,31850,,
ESTAT:TEC00113(1.0),27/07/26 11:00:00,Annual,"Purchasing power standard (PPS, EU27 from 2020), per inhabitant",Paid,"Adjusted disposable income, gross",Households; non-profit institutions serving households,Luxembourg,2016,31513,,
ESTAT:TEC00113(1.0),27/07/26 11:00:00,Annual,"Purchasing power standard (PPS, EU27 from 2020), per inhabitant",Paid,"Adjusted disposable income, gross",Households; non-profit institutions serving households,Luxembourg,2017,32777,,
ESTAT:TEC00113(1.0),27/07/26 11:00:00,Annual,"Purchasing power standard (PPS, EU27 from 2020), per inhabitant",Paid,"Adjusted disposable income, gross",Households; non-profit institutions serving households,Luxembourg,2018,34049,,
ESTAT:TEC00113(1.0),27/07/26 11:00:00,Annual,"Purchasing power standard (PPS, EU27 from 2020), per inhabitant",Paid,"Adjusted disposable income, gross",Households; non-profit institutions serving households,Luxembourg,2019,34027,,
ESTAT:TEC00113(1.0),27/07/26 11:00:00,Annual,"Purchasing power standard (PPS, EU27 from 2020), per inhabitant",Paid,"Adjusted disposable income, gross",Households; non-profit institutions serving households,Luxembourg,2020,34447,,
ESTAT:TEC00113(1.0),27/07/26 11:00:00,Annual,"Purchasing power standard (PPS, EU27 from 2020), per inhabitant",Paid,"Adjusted disposable income, gross",Households; non-profit institutions serving households,Luxembourg,2021,34881,,
ESTAT:TEC00113(1.0),27/07/26 11:00:00,Annual,"Purchasing power standard (PPS, EU27 from 2020), per inhabitant",Paid,"Adjusted disposable income, gross",Households; non-profit institutions serving households,Luxembourg,2022,37027,,
ESTAT:TEC00113(1.0),27/07/26 11:00:00,Annual,"Purchasing power standard (PPS, EU27 from 2020), per inhabitant",Paid,"Adjusted disposable income, gross",Households; non-profit institutions serving households,Luxembourg,2023,39746,,
ESTAT:TEC00113(1.0),27/07/26 11:00:00,Annual,"Purchasing power standard (PPS, EU27 from 2020), per inhabitant",Paid,"Adjusted disposable income, gross",Households; non-profit institutions serving households,Luxembourg,2024,41552,p,
ESTAT:TEC00113(1.0),27/07/26 11:00:00,Annual,"Purchasing power standard (PPS, EU27 from 2020), per inhabitant",Paid,"Adjusted disposable income, gross",Households; non-profit institutions serving households,Latvia,2014,11129,,
ESTAT:TEC00113(1.0),27/07/26 11:00:00,Annual,"Purchasing power standard (PPS, EU27 from 2020), per inhabitant",Paid,"Adjusted disposable income, gross",Households; non-profit institutions serving households,Latvia,2015,11940,,
ESTAT:TEC00113(1.0),27/07/26 11:00:00,Annual,"Purchasing power standard (PPS, EU27 from 2020), per inhabitant",Paid,"Adjusted disposable income, gross",Households; non-profit institutions serving households,Latvia,2016,12451,,
ESTAT:TEC00113(1.0),27/07/26 11:00:00,Annual,"Purchasing power standard (PPS, EU27 from 2020), per inhabitant",Paid,"Adjusted disposable income, gross",Households; non-profit institutions serving households,Latvia,2017,13273,,
ESTAT:TEC00113(1.0),27/07/26 11:00:00,Annual,"Purchasing power standard (PPS, EU27 from 2020), per inhabitant",Paid,"Adjusted disposable income, gross",Households; non-profit institutions serving households,Latvia,2018,14021,,
ESTAT:TEC00113(1.0),27/07/26 11:00:00,Annual,"Purchasing power standard (PPS, EU27 from 2020), per inhabitant",Paid,"Adjusted disposable income, gross",Households; non-profit institutions serving households,Latvia,2019,14621,,
ESTAT:TEC00113(1.0),27/07/26 11:00:00,Annual,"Purchasing power standard (PPS, EU27 from 2020), per inhabitant",Paid,"Adjusted disposable income, gross",Households; non-profit institutions serving households,Latvia,2020,14994,,
ESTAT:TEC00113(1.0),27/07/26 11:00:00,Annual,"Purchasing power standard (PPS, EU27 from 2020), per inhabitant",Paid,"Adjusted disposable income, gross",Households; non-profit institutions serving households,Latvia,2021,16952,,
ESTAT:TEC00113(1.0),27/07/26 11:00:00,Annual,"Purchasing power standard (PPS, EU27 from 2020), per inhabitant",Paid,"Adjusted disposable income, gross",Households; non-profit institutions serving households,Latvia,2022,17484,,
ESTAT:TEC00113(1.0),27/07/26 11:00:00,Annual,"Purchasing power standard (PPS, EU27 from 2020), per inhabitant",Paid,"Adjusted disposable income, gross",Households; non-profit institutions serving households,Latvia,2023,18382,,
ESTAT:TEC00113(1.0),27/07/26 11:00:00,Annual,"Purchasing power standard (PPS, EU27 from 2020), per inhabitant",Paid,"Adjusted disposable income, gross",Households; non-profit institutions serving households,Latvia,2024,19921,,
ESTAT:TEC00113(1.0),27/07/26 11:00:00,Annual,"Purchasing power standard (PPS, EU27 from 2020), per inhabitant",Paid,"Adjusted disposable income, gross",Households; non-profit institutions serving households,Malta,2014,16234,,
ESTAT:TEC00113(1.0),27/07/26 11:00:00,Annual,"Purchasing power standard (PPS, EU27 from 2020), per inhabitant",Paid,"Adjusted disposable income, gross",Households; non-profit institutions serving households,Malta,2015,17124,,
ESTAT:TEC00113(1.0),27/07/26 11:00:00,Annual,"Purchasing power standard (PPS, EU27 from 2020), per inhabitant",Paid,"Adjusted disposable income, gross",Households; non-profit institutions serving households,Malta,2016,17998,,
ESTAT:TEC00113(1.0),27/07/26 11:00:00,Annual,"Purchasing power standard (PPS, EU27 from 2020), per inhabitant",Paid,"Adjusted disposable income, gross",Households; non-profit institutions serving households,Malta,2017,18710,,
ESTAT:TEC00113(1.0),27/07/26 11:00:00,Annual,"Purchasing power standard (PPS, EU27 from 2020), per inhabitant",Paid,"Adjusted disposable income, gross",Households; non-profit institutions serving households,Malta,2018,19745,,
ESTAT:TEC00113(1.0),27/07/26 11:00:00,Annual,"Purchasing power standard (PPS, EU27 from 2020), per inhabitant",Paid,"Adjusted disposable income, gross",Households; non-profit institutions serving households,Malta,2019,20905,,
ESTAT:TEC00113(1.0),27/07/26 11:00:00,Annual,"Purchasing power standard (PPS, EU27 from 2020), per inhabitant",Paid,"Adjusted disposable income, gross",Households; non-profit institutions serving households,Malta,2020,20893,,
ESTAT:TEC00113(1.0),27/07/26 11:00:00,Annual,"Purchasing power standard (PPS, EU27 from 2020), per inhabitant",Paid,"Adjusted disposable income, gross",Households; non-profit institutions serving households,Malta,2021,22533,p,
ESTAT:TEC00113(1.0),27/07/26 11:00:00,Annual,"Purchasing power standard (PPS, EU27 from 2020), per inhabitant",Paid,"Adjusted disposable income, gross",Households; non-profit institutions serving households,Malta,2022,23647,p,
ESTAT:TEC00113(1.0),27/07/26 11:00:00,Annual,"Purchasing power standard (PPS, EU27 from 2020), per inhabitant",Paid,"Adjusted disposable income, gross",Households; non-profit institutions serving households,Malta,2023,25882,p,
ESTAT:TEC00113(1.0),27/07/26 11:00:00,Annual,"Purchasing power standard (PPS, EU27 from 2020), per inhabitant",Paid,"Adjusted disposable income, gross",Households; non-profit institutions serving households,Malta,2024,28625,p,
ESTAT:TEC00113(1.0),27/07/26 11:00:00,Annual,"Purchasing power standard (PPS, EU27 from 2020), per inhabitant",Paid,"Adjusted disposable income, gross",Households; non-profit institutions serving households,Netherlands,2014,22938,,
ESTAT:TEC00113(1.0),27/07/26 11:00:00,Annual,"Purchasing power standard (PPS, EU27 from 2020), per inhabitant",Paid,"Adjusted disposable income, gross",Households; non-profit institutions serving households,Netherlands,2015,23336,,
ESTAT:TEC00113(1.0),27/07/26 11:00:00,Annual,"Purchasing power standard (PPS, EU27 from 2020), per inhabitant",Paid,"Adjusted disposable income, gross",Households; non-profit institutions serving households,Netherlands,2016,23438,,
ESTAT:TEC00113(1.0),27/07/26 11:00:00,Annual,"Purchasing power standard (PPS, EU27 from 2020), per inhabitant",Paid,"Adjusted disposable income, gross",Households; non-profit institutions serving households,Netherlands,2017,24183,,
ESTAT:TEC00113(1.0),27/07/26 11:00:00,Annual,"Purchasing power standard (PPS, EU27 from 2020), per inhabitant",Paid,"Adjusted disposable income, gross",Households; non-profit institutions serving households,Netherlands,2018,25343,,
ESTAT:TEC00113(1.0),27/07/26 11:00:00,Annual,"Purchasing power standard (PPS, EU27 from 2020), per inhabitant",Paid,"Adjusted disposable income, gross",Households; non-profit institutions serving households,Netherlands,2019,25864,,
ESTAT:TEC00113(1.0),27/07/26 11:00:00,Annual,"Purchasing power standard (PPS, EU27 from 2020), per inhabitant",Paid,"Adjusted disposable income, gross",Households; non-profit institutions serving households,Netherlands,2020,26724,,
ESTAT:TEC00113(1.0),27/07/26 11:00:00,Annual,"Purchasing power standard (PPS, EU27 from 2020), per inhabitant",Paid,"Adjusted disposable income, gross",Households; non-profit institutions serving households,Netherlands,2021,28461,,
ESTAT:TEC00113(1.0),27/07/26 11:00:00,Annual,"Purchasing power standard (PPS, EU27 from 2020), per inhabitant",Paid,"Adjusted disposable income, gross",Households; non-profit institutions serving households,Netherlands,2022,30868,,
ESTAT:TEC00113(1.0),27/07/26 11:00:00,Annual,"Purchasing power standard (PPS, EU27 from 2020), per inhabitant",Paid,"Adjusted disposable income, gross",Households; non-profit institutions serving households,Netherlands,2023,32926,,
ESTAT:TEC00113(1.0),27/07/26 11:00:00,Annual,"Purchasing power standard (PPS, EU27 from 2020), per inhabitant",Paid,"Adjusted disposable income, gross",Households; non-profit institutions serving households,Netherlands,2024,34672,p,
ESTAT:TEC00113(1.0),27/07/26 11:00:00,Annual,"Purchasing power standard (PPS, EU27 from 2020), per inhabitant",Paid,"Adjusted disposable income, gross",Households; non-profit institutions serving households,Netherlands,2025,36176,p,
ESTAT:TEC00113(1.0),27/07/26 11:00:00,Annual,"Purchasing power standard (PPS, EU27 from 2020), per inhabitant",Paid,"Adjusted disposable income, gross",Households; non-profit institutions serving households,Poland,2014,14669,,
ESTAT:TEC00113(1.0),27/07/26 11:00:00,Annual,"Purchasing power standard (PPS, EU27 from 2020), per inhabitant",Paid,"Adjusted disposable income, gross",Households; non-profit institutions serving households,Poland,2015,15217,,
ESTAT:TEC00113(1.0),27/07/26 11:00:00,Annual,"Purchasing power standard (PPS, EU27 from 2020), per inhabitant",Paid,"Adjusted disposable income, gross",Households; non-profit institutions serving households,Poland,2016,15657,,
ESTAT:TEC00113(1.0),27/07/26 11:00:00,Annual,"Purchasing power standard (PPS, EU27 from 2020), per inhabitant",Paid,"Adjusted disposable income, gross",Households; non-profit institutions serving households,Poland,2017,16100,,
ESTAT:TEC00113(1.0),27/07/26 11:00:00,Annual,"Purchasing power standard (PPS, EU27 from 2020), per inhabitant",Paid,"Adjusted disposable income, gross",Households; non-profit institutions serving households,Poland,2018,16788,,
ESTAT:TEC00113(1.0),27/07/26 11:00:00,Annual,"Purchasing power standard (PPS, EU27 from 2020), per inhabitant",Paid,"Adjusted disposable income, gross",Households; non-profit institutions serving households,Poland,2019,17709,,
ESTAT:TEC00113(1.0),27/07/26 11:00:00,Annual,"Purchasing power standard (PPS, EU27 from 2020), per inhabitant",Paid,"Adjusted disposable income, gross",Households; non-profit institutions serving households,Poland,2020,19225,b,
ESTAT:TEC00113(1.0),27/07/26 11:00:00,Annual,"Purchasing power standard (PPS, EU27 from 2020), per inhabitant",Paid,"Adjusted disposable income, gross",Households; non-profit institutions serving households,Poland,2021,19280,,
ESTAT:TEC00113(1.0),27/07/26 11:00:00,Annual,"Purchasing power standard (PPS, EU27 from 2020), per inhabitant",Paid,"Adjusted disposable income, gross",Households; non-profit institutions serving households,Poland,2022,20256,b,
ESTAT:TEC00113(1.0),27/07/26 11:00:00,Annual,"Purchasing power standard (PPS, EU27 from 2020), per inhabitant",Paid,"Adjusted disposable income, gross",Households; non-profit institutions serving households,Poland,2023,21517,,
ESTAT:TEC00113(1.0),27/07/26 11:00:00,Annual,"Purchasing power standard (PPS, EU27 from 2020), per inhabitant",Paid,"Adjusted disposable income, gross",Households; non-profit institutions serving households,Poland,2024,23567,,
ESTAT:TEC00113(1.0),27/07/26 11:00:00,Annual,"Purchasing power standard (PPS, EU27 from 2020), per inhabitant",Paid,"Adjusted disposable income, gross",Households; non-profit institutions serving households,Portugal,2014,15946,,
ESTAT:TEC00113(1.0),27/07/26 11:00:00,Annual,"Purchasing power standard (PPS, EU27 from 2020), per inhabitant",Paid,"Adjusted disposable income, gross",Households; non-profit institutions serving households,Portugal,2015,16567,,
ESTAT:TEC00113(1.0),27/07/26 11:00:00,Annual,"Purchasing power standard (PPS, EU27 from 2020), per inhabitant",Paid,"Adjusted disposable income, gross",Households; non-profit institutions serving households,Portugal,2016,16863,,
ESTAT:TEC00113(1.0),27/07/26 11:00:00,Annual,"Purchasing power standard (PPS, EU27 from 2020), per inhabitant",Paid,"Adjusted disposable income, gross",Households; non-profit institutions serving households,Portugal,2017,17083,,
ESTAT:TEC00113(1.0),27/07/26 11:00:00,Annual,"Purchasing power standard (PPS, EU27 from 2020), per inhabitant",Paid,"Adjusted disposable income, gross",Households; non-profit institutions serving households,Portugal,2018,18013,,
ESTAT:TEC00113(1.0),27/07/26 11:00:00,Annual,"Purchasing power standard (PPS, EU27 from 2020), per inhabitant",Paid,"Adjusted disposable income, gross",Households; non-profit institutions serving households,Portugal,2019,18635,,
ESTAT:TEC00113(1.0),27/07/26 11:00:00,Annual,"Purchasing power standard (PPS, EU27 from 2020), per inhabitant",Paid,"Adjusted disposable income, gross",Households; non-profit institutions serving households,Portugal,2020,18271,,
ESTAT:TEC00113(1.0),27/07/26 11:00:00,Annual,"Purchasing power standard (PPS, EU27 from 2020), per inhabitant",Paid,"Adjusted disposable income, gross",Households; non-profit institutions serving households,Portugal,2021,19727,,
ESTAT:TEC00113(1.0),27/07/26 11:00:00,Annual,"Purchasing power standard (PPS, EU27 from 2020), per inhabitant",Paid,"Adjusted disposable income, gross",Households; non-profit institutions serving households,Portugal,2022,21611,,
ESTAT:TEC00113(1.0),27/07/26 11:00:00,Annual,"Purchasing power standard (PPS, EU27 from 2020), per inhabitant",Paid,"Adjusted disposable income, gross",Households; non-profit institutions serving households,Portugal,2023,23425,,
ESTAT:TEC00113(1.0),27/07/26 11:00:00,Annual,"Purchasing power standard (PPS, EU27 from 2020), per inhabitant",Paid,"Adjusted disposable income, gross",Households; non-profit institutions serving households,Portugal,2024,25347,p,
ESTAT:TEC00113(1.0),27/07/26 11:00:00,Annual,"Purchasing power standard (PPS, EU27 from 2020), per inhabitant",Paid,"Adjusted disposable income, gross",Households; non-profit institutions serving households,Portugal,2025,26535,p,
ESTAT:TEC00113(1.0),27/07/26 11:00:00,Annual,"Purchasing power standard (PPS, EU27 from 2020), per inhabitant",Paid,"Adjusted disposable income, gross",Households; non-profit institutions serving households,Romania,2014,9424,,
ESTAT:TEC00113(1.0),27/07/26 11:00:00,Annual,"Purchasing power standard (PPS, EU27 from 2020), per inhabitant",Paid,"Adjusted disposable income, gross",Households; non-profit institutions serving households,Romania,2015,9996,,
ESTAT:TEC00113(1.0),27/07/26 11:00:00,Annual,"Purchasing power standard (PPS, EU27 from 2020), per inhabitant",Paid,"Adjusted disposable income, gross",Households; non-profit institutions serving households,Romania,2016,11267,,
ESTAT:TEC00113(1.0),27/07/26 11:00:00,Annual,"Purchasing power standard (PPS, EU27 from 2020), per inhabitant",Paid,"Adjusted disposable income, gross",Households; non-profit institutions serving households,Romania,2017,12558,,
ESTAT:TEC00113(1.0),27/07/26 11:00:00,Annual,"Purchasing power standard (PPS, EU27 from 2020), per inhabitant",Paid,"Adjusted disposable income, gross",Households; non-profit institutions serving households,Romania,2018,13142,,
ESTAT:TEC00113(1.0),27/07/26 11:00:00,Annual,"Purchasing power standard (PPS, EU27 from 2020), per inhabitant",Paid,"Adjusted disposable income, gross",Households; non-profit institutions serving households,Romania,2019,15311,,
ESTAT:TEC00113(1.0),27/07/26 11:00:00,Annual,"Purchasing power standard (PPS, EU27 from 2020), per inhabitant",Paid,"Adjusted disposable income, gross",Households; non-profit institutions serving households,Romania,2020,15977,,
ESTAT:TEC00113(1.0),27/07/26 11:00:00,Annual,"Purchasing power standard (PPS, EU27 from 2020), per inhabitant",Paid,"Adjusted disposable income, gross",Households; non-profit institutions serving households,Romania,2021,17021,,
ESTAT:TEC00113(1.0),27/07/26 11:00:00,Annual,"Purchasing power standard (PPS, EU27 from 2020), per inhabitant",Paid,"Adjusted disposable income, gross",Households; non-profit institutions serving households,Romania,2022,17698,,
ESTAT:TEC00113(1.0),27/07/26 11:00:00,Annual,"Purchasing power standard (PPS, EU27 from 2020), per inhabitant",Paid,"Adjusted disposable income, gross",Households; non-profit institutions serving households,Romania,2023,19653,,
ESTAT:TEC00113(1.0),27/07/26 11:00:00,Annual,"Purchasing power standard (PPS, EU27 from 2020), per inhabitant",Paid,"Adjusted disposable income, gross",Households; non-profit institutions serving households,Romania,2024,21541,p,
ESTAT:TEC00113(1.0),27/07/26 11:00:00,Annual,"Purchasing power standard (PPS, EU27 from 2020), per inhabitant",Paid,"Adjusted disposable income, gross",Households; non-profit institutions serving households,Romania,2025,22622,p,
ESTAT:TEC00113(1.0),27/07/26 11:00:00,Annual,"Purchasing power standard (PPS, EU27 from 2020), per inhabitant",Paid,"Adjusted disposable income, gross",Households; non-profit institutions serving households,Sweden,2014,22993,,
ESTAT:TEC00113(1.0),27/07/26 11:00:00,Annual,"Purchasing power standard (PPS, EU27 from 2020), per inhabitant",Paid,"Adjusted disposable income, gross",Households; non-profit institutions serving households,Sweden,2015,23406,,
ESTAT:TEC00113(1.0),27/07/26 11:00:00,Annual,"Purchasing power standard (PPS, EU27 from 2020), per inhabitant",Paid,"Adjusted disposable income, gross",Households; non-profit institutions serving households,Sweden,2016,23448,,
ESTAT:TEC00113(1.0),27/07/26 11:00:00,Annual,"Purchasing power standard (PPS, EU27 from 2020), per inhabitant",Paid,"Adjusted disposable income, gross",Households; non-profit institutions serving households,Sweden,2017,23685,,
ESTAT:TEC00113(1.0),27/07/26 11:00:00,Annual,"Purchasing power standard (PPS, EU27 from 2020), per inhabitant",Paid,"Adjusted disposable income, gross",Households; non-profit institutions serving households,Sweden,2018,23968,,
ESTAT:TEC00113(1.0),27/07/26 11:00:00,Annual,"Purchasing power standard (PPS, EU27 from 2020), per inhabitant",Paid,"Adjusted disposable income, gross",Households; non-profit institutions serving households,Sweden,2019,24379,,
ESTAT:TEC00113(1.0),27/07/26 11:00:00,Annual,"Purchasing power standard (PPS, EU27 from 2020), per inhabitant",Paid,"Adjusted disposable income, gross",Households; non-profit institutions serving households,Sweden,2020,24239,,
ESTAT:TEC00113(1.0),27/07/26 11:00:00,Annual,"Purchasing power standard (PPS, EU27 from 2020), per inhabitant",Paid,"Adjusted disposable income, gross",Households; non-profit institutions serving households,Sweden,2021,25913,,
ESTAT:TEC00113(1.0),27/07/26 11:00:00,Annual,"Purchasing power standard (PPS, EU27 from 2020), per inhabitant",Paid,"Adjusted disposable income, gross",Households; non-profit institutions serving households,Sweden,2022,27356,,
ESTAT:TEC00113(1.0),27/07/26 11:00:00,Annual,"Purchasing power standard (PPS, EU27 from 2020), per inhabitant",Paid,"Adjusted disposable income, gross",Households; non-profit institutions serving households,Sweden,2023,28356,,
ESTAT:TEC00113(1.0),27/07/26 11:00:00,Annual,"Purchasing power standard (PPS, EU27 from 2020), per inhabitant",Paid,"Adjusted disposable income, gross",Households; non-profit institutions serving households,Sweden,2024,29477,,
ESTAT:TEC00113(1.0),27/07/26 11:00:00,Annual,"Purchasing power standard (PPS, EU27 from 2020), per inhabitant",Paid,"Adjusted disposable income, gross",Households; non-profit institutions serving households,Sweden,2025,30271,,
ESTAT:TEC00113(1.0),27/07/26 11:00:00,Annual,"Purchasing power standard (PPS, EU27 from 2020), per inhabitant",Paid,"Adjusted disposable income, gross",Households; non-profit institutions serving households,Slovenia,2014,15453,,
ESTAT:TEC00113(1.0),27/07/26 11:00:00,Annual,"Purchasing power standard (PPS, EU27 from 2020), per inhabitant",Paid,"Adjusted disposable income, gross",Households; non-profit institutions serving households,Slovenia,2015,15745,,
ESTAT:TEC00113(1.0),27/07/26 11:00:00,Annual,"Purchasing power standard (PPS, EU27 from 2020), per inhabitant",Paid,"Adjusted disposable income, gross",Households; non-profit institutions serving households,Slovenia,2016,16273,,
ESTAT:TEC00113(1.0),27/07/26 11:00:00,Annual,"Purchasing power standard (PPS, EU27 from 2020), per inhabitant",Paid,"Adjusted disposable income, gross",Households; non-profit institutions serving households,Slovenia,2017,17091,,
ESTAT:TEC00113(1.0),27/07/26 11:00:00,Annual,"Purchasing power standard (PPS, EU27 from 2020), per inhabitant",Paid,"Adjusted disposable income, gross",Households; non-profit institutions serving households,Slovenia,2018,17920,,
ESTAT:TEC00113(1.0),27/07/26 11:00:00,Annual,"Purchasing power standard (PPS, EU27 from 2020), per inhabitant",Paid,"Adjusted disposable income, gross",Households; non-profit institutions serving households,Slovenia,2019,18898,,
ESTAT:TEC00113(1.0),27/07/26 11:00:00,Annual,"Purchasing power standard (PPS, EU27 from 2020), per inhabitant",Paid,"Adjusted disposable income, gross",Households; non-profit institutions serving households,Slovenia,2020,19805,,
ESTAT:TEC00113(1.0),27/07/26 11:00:00,Annual,"Purchasing power standard (PPS, EU27 from 2020), per inhabitant",Paid,"Adjusted disposable income, gross",Households; non-profit institutions serving households,Slovenia,2021,21183,,
ESTAT:TEC00113(1.0),27/07/26 11:00:00,Annual,"Purchasing power standard (PPS, EU27 from 2020), per inhabitant",Paid,"Adjusted disposable income, gross",Households; non-profit institutions serving households,Slovenia,2022,22862,,
ESTAT:TEC00113(1.0),27/07/26 11:00:00,Annual,"Purchasing power standard (PPS, EU27 from 2020), per inhabitant",Paid,"Adjusted disposable income, gross",Households; non-profit institutions serving households,Slovenia,2023,24075,,
ESTAT:TEC00113(1.0),27/07/26 11:00:00,Annual,"Purchasing power standard (PPS, EU27 from 2020), per inhabitant",Paid,"Adjusted disposable income, gross",Households; non-profit institutions serving households,Slovenia,2024,25163,,
ESTAT:TEC00113(1.0),27/07/26 11:00:00,Annual,"Purchasing power standard (PPS, EU27 from 2020), per inhabitant",Paid,"Adjusted disposable income, gross",Households; non-profit institutions serving households,Slovakia,2014,14288,,
ESTAT:TEC00113(1.0),27/07/26 11:00:00,Annual,"Purchasing power standard (PPS, EU27 from 2020), per inhabitant",Paid,"Adjusted disposable income, gross",Households; non-profit institutions serving households,Slovakia,2015,14957,,
ESTAT:TEC00113(1.0),27/07/26 11:00:00,Annual,"Purchasing power standard (PPS, EU27 from 2020), per inhabitant",Paid,"Adjusted disposable income, gross",Households; non-profit institutions serving households,Slovakia,2016,14076,,
ESTAT:TEC00113(1.0),27/07/26 11:00:00,Annual,"Purchasing power standard (PPS, EU27 from 2020), per inhabitant",Paid,"Adjusted disposable income, gross",Households; non-profit institutions serving households,Slovakia,2017,14054,,
ESTAT:TEC00113(1.0),27/07/26 11:00:00,Annual,"Purchasing power standard (PPS, EU27 from 2020), per inhabitant",Paid,"Adjusted disposable income, gross",Households; non-profit institutions serving households,Slovakia,2018,14747,,
ESTAT:TEC00113(1.0),27/07/26 11:00:00,Annual,"Purchasing power standard (PPS, EU27 from 2020), per inhabitant",Paid,"Adjusted disposable income, gross",Households; non-profit institutions serving households,Slovakia,2019,15465,,
ESTAT:TEC00113(1.0),27/07/26 11:00:00,Annual,"Purchasing power standard (PPS, EU27 from 2020), per inhabitant",Paid,"Adjusted disposable income, gross",Households; non-profit institutions serving households,Slovakia,2020,16584,,
ESTAT:TEC00113(1.0),27/07/26 11:00:00,Annual,"Purchasing power standard (PPS, EU27 from 2020), per inhabitant",Paid,"Adjusted disposable income, gross",Households; non-profit institutions serving households,Slovakia,2021,17833,b,
ESTAT:TEC00113(1.0),27/07/26 11:00:00,Annual,"Purchasing power standard (PPS, EU27 from 2020), per inhabitant",Paid,"Adjusted disposable income, gross",Households; non-profit institutions serving households,Slovakia,2022,18783,,
ESTAT:TEC00113(1.0),27/07/26 11:00:00,Annual,"Purchasing power standard (PPS, EU27 from 2020), per inhabitant",Paid,"Adjusted disposable income, gross",Households; non-profit institutions serving households,Slovakia,2023,20223,,
ESTAT:TEC00113(1.0),27/07/26 11:00:00,Annual,"Purchasing power standard (PPS, EU27 from 2020), per inhabitant",Paid,"Adjusted disposable income, gross",Households; non-profit institutions serving households,Slovakia,2024,21532,,
