DATAFLOW,LAST UPDATE,freq,unit,sector,na_item,geo,TIME_PERIOD,OBS_VALUE,OBS_FLAG,CONF_STATUS
ESTAT:TEC00104(1.0),27/07/26 11:00:00,Annual,Percentage,Households; non-profit institutions serving households,"Gross debt-to-income ratio of households: ((AF4, liab)/(B6G+D8net)*100)",Austria,2014,84.75,,
ESTAT:TEC00104(1.0),27/07/26 11:00:00,Annual,Percentage,Households; non-profit institutions serving households,"Gross debt-to-income ratio of households: ((AF4, liab)/(B6G+D8net)*100)",Austria,2015,85.46,,
ESTAT:TEC00104(1.0),27/07/26 11:00:00,Annual,Percentage,Households; non-profit institutions serving households,"Gross debt-to-income ratio of households: ((AF4, liab)/(B6G+D8net)*100)",Austria,2016,84.86,,
ESTAT:TEC00104(1.0),27/07/26 11:00:00,Annual,Percentage,Households; non-profit institutions serving households,"Gross debt-to-income ratio of households: ((AF4, liab)/(B6G+D8net)*100)",Austria,2017,84.04,,
ESTAT:TEC00104(1.0),27/07/26 11:00:00,Annual,Percentage,Households; non-profit institutions serving households,"Gross debt-to-income ratio of households: ((AF4, liab)/(B6G+D8net)*100)",Austria,2018,83.34,,
ESTAT:TEC00104(1.0),27/07/26 11:00:00,Annual,Percentage,Households; non-profit institutions serving households,"Gross debt-to-income ratio of households: ((AF4, liab)/(B6G+D8net)*100)",Austria,2019,84.15,,
ESTAT:TEC00104(1.0),27/07/26 11:00:00,Annual,Percentage,Households; non-profit institutions serving households,"Gross debt-to-income ratio of households: ((AF4, liab)/(B6G+D8net)*100)",Austria,2020,86.08,,
ESTAT:TEC00104(1.0),27/07/26 11:00:00,Annual,Percentage,Households; non-profit institutions serving households,"Gross debt-to-income ratio of households: ((AF4, liab)/(B6G+D8net)*100)",Austria,2021,86.14,,
ESTAT:TEC00104(1.0),27/07/26 11:00:00,Annual,Percentage,Households; non-profit institutions serving households,"Gross debt-to-income ratio of households: ((AF4, liab)/(B6G+D8net)*100)",Austria,2022,80.14,,
ESTAT:TEC00104(1.0),27/07/26 11:00:00,Annual,Percentage,Households; non-profit institutions serving households,"Gross debt-to-income ratio of households: ((AF4, liab)/(B6G+D8net)*100)",Austria,2023,73.51,,
ESTAT:TEC00104(1.0),27/07/26 11:00:00,Annual,Percentage,Households; non-profit institutions serving households,"Gross debt-to-income ratio of households: ((AF4, liab)/(B6G+D8net)*100)",Austria,2024,67.89,,
ESTAT:TEC00104(1.0),27/07/26 11:00:00,Annual,Percentage,Households; non-profit institutions serving households,"Gross debt-to-income ratio of households: ((AF4, liab)/(B6G+D8net)*100)",Belgium,2014,96.50,,
ESTAT:TEC00104(1.0),27/07/26 11:00:00,Annual,Percentage,Households; non-profit institutions serving households,"Gross debt-to-income ratio of households: ((AF4, liab)/(B6G+D8net)*100)",Belgium,2015,98.97,,
ESTAT:TEC00104(1.0),27/07/26 11:00:00,Annual,Percentage,Households; non-profit institutions serving households,"Gross debt-to-income ratio of households: ((AF4, liab)/(B6G+D8net)*100)",Belgium,2016,99.77,,
ESTAT:TEC00104(1.0),27/07/26 11:00:00,Annual,Percentage,Households; non-profit institutions serving households,"Gross debt-to-income ratio of households: ((AF4, liab)/(B6G+D8net)*100)",Belgium,2017,100.70,,
ESTAT:TEC00104(1.0),27/07/26 11:00:00,Annual,Percentage,Households; non-profit institutions serving households,"Gross debt-to-income ratio of households: ((AF4, liab)/(B6G+D8net)*100)",Belgium,2018,101.17,,
ESTAT:TEC00104(1.0),27/07/26 11:00:00,Annual,Percentage,Households; non-profit institutions serving households,"Gross debt-to-income ratio of households: ((AF4, liab)/(B6G+D8net)*100)",Belgium,2019,103.06,,
ESTAT:TEC00104(1.0),27/07/26 11:00:00,Annual,Percentage,Households; non-profit institutions serving households,"Gross debt-to-income ratio of households: ((AF4, liab)/(B6G+D8net)*100)",Belgium,2020,105.22,,
ESTAT:TEC00104(1.0),27/07/26 11:00:00,Annual,Percentage,Households; non-profit institutions serving households,"Gross debt-to-income ratio of households: ((AF4, liab)/(B6G+D8net)*100)",Belgium,2021,105.32,,
ESTAT:TEC00104(1.0),27/07/26 11:00:00,Annual,Percentage,Households; non-profit institutions serving households,"Gross debt-to-income ratio of households: ((AF4, liab)/(B6G+D8net)*100)",Belgium,2022,100.88,,
ESTAT:TEC00104(1.0),27/07/26 11:00:00,Annual,Percentage,Households; non-profit institutions serving households,"Gross debt-to-income ratio of households: ((AF4, liab)/(B6G+D8net)*100)",Belgium,2023,94.89,,
ESTAT:TEC00104(1.0),27/07/26 11:00:00,Annual,Percentage,Households; non-profit institutions serving households,"Gross debt-to-income ratio of households: ((AF4, liab)/(B6G+D8net)*100)",Belgium,2024,94.84,p,
ESTAT:TEC00104(1.0),27/07/26 11:00:00,Annual,Percentage,Households; non-profit institutions serving households,"Gross debt-to-income ratio of households: ((AF4, liab)/(B6G+D8net)*100)",Bulgaria,2014,40.14,,
ESTAT:TEC00104(1.0),27/07/26 11:00:00,Annual,Percentage,Households; non-profit institutions serving households,"Gross debt-to-income ratio of households: ((AF4, liab)/(B6G+D8net)*100)",Bulgaria,2015,38.01,,
ESTAT:TEC00104(1.0),27/07/26 11:00:00,Annual,Percentage,Households; non-profit institutions serving households,"Gross debt-to-income ratio of households: ((AF4, liab)/(B6G+D8net)*100)",Bulgaria,2016,37.98,,
ESTAT:TEC00104(1.0),27/07/26 11:00:00,Annual,Percentage,Households; non-profit institutions serving households,"Gross debt-to-income ratio of households: ((AF4, liab)/(B6G+D8net)*100)",Bulgaria,2017,37.72,,
ESTAT:TEC00104(1.0),27/07/26 11:00:00,Annual,Percentage,Households; non-profit institutions serving households,"Gross debt-to-income ratio of households: ((AF4, liab)/(B6G+D8net)*100)",Bulgaria,2018,37.36,,
ESTAT:TEC00104(1.0),27/07/26 11:00:00,Annual,Percentage,Households; non-profit institutions serving households,"Gross debt-to-income ratio of households: ((AF4, liab)/(B6G+D8net)*100)",Bulgaria,2019,39.25,,
ESTAT:TEC00104(1.0),27/07/26 11:00:00,Annual,Percentage,Households; non-profit institutions serving households,"Gross debt-to-income ratio of households: ((AF4, liab)/(B6G+D8net)*100)",Bulgaria,2020,42.10,,
ESTAT:TEC00104(1.0),27/07/26 11:00:00,Annual,Percentage,Households; non-profit institutions serving households,"Gross debt-to-income ratio of households: ((AF4, liab)/(B6G+D8net)*100)",Bulgaria,2021,43.24,,
ESTAT:TEC00104(1.0),27/07/26 11:00:00,Annual,Percentage,Households; non-profit institutions serving households,"Gross debt-to-income ratio of households: ((AF4, liab)/(B6G+D8net)*100)",Bulgaria,2022,41.24,,
ESTAT:TEC00104(1.0),27/07/26 11:00:00,Annual,Percentage,Households; non-profit institutions serving households,"Gross debt-to-income ratio of households: ((AF4, liab)/(B6G+D8net)*100)",Cyprus,2014,193.12,,
ESTAT:TEC00104(1.0),27/07/26 11:00:00,Annual,Percentage,Households; non-profit institutions serving households,"Gross debt-to-income ratio of households: ((AF4, liab)/(B6G+D8net)*100)",Cyprus,2015,186.56,,
ESTAT:TEC00104(1.0),27/07/26 11:00:00,Annual,Percentage,Households; non-profit institutions serving households,"Gross debt-to-income ratio of households: ((AF4, liab)/(B6G+D8net)*100)",Cyprus,2016,174.51,,
ESTAT:TEC00104(1.0),27/07/26 11:00:00,Annual,Percentage,Households; non-profit institutions serving households,"Gross debt-to-income ratio of households: ((AF4, liab)/(B6G+D8net)*100)",Cyprus,2017,159.37,,
ESTAT:TEC00104(1.0),27/07/26 11:00:00,Annual,Percentage,Households; non-profit institutions serving households,"Gross debt-to-income ratio of households: ((AF4, liab)/(B6G+D8net)*100)",Cyprus,2018,142.78,,
ESTAT:TEC00104(1.0),27/07/26 11:00:00,Annual,Percentage,Households; non-profit institutions serving households,"Gross debt-to-income ratio of households: ((AF4, liab)/(B6G+D8net)*100)",Cyprus,2019,127.78,,
ESTAT:TEC00104(1.0),27/07/26 11:00:00,Annual,Percentage,Households; non-profit institutions serving households,"Gross debt-to-income ratio of households: ((AF4, liab)/(B6G+D8net)*100)",Cyprus,2020,125.10,,
ESTAT:TEC00104(1.0),27/07/26 11:00:00,Annual,Percentage,Households; non-profit institutions serving households,"Gross debt-to-income ratio of households: ((AF4, liab)/(B6G+D8net)*100)",Cyprus,2021,119.52,,
ESTAT:TEC00104(1.0),27/07/26 11:00:00,Annual,Percentage,Households; non-profit institutions serving households,"Gross debt-to-income ratio of households: ((AF4, liab)/(B6G+D8net)*100)",Cyprus,2022,112.64,,
ESTAT:TEC00104(1.0),27/07/26 11:00:00,Annual,Percentage,Households; non-profit institutions serving households,"Gross debt-to-income ratio of households: ((AF4, liab)/(B6G+D8net)*100)",Cyprus,2023,101.27,,
ESTAT:TEC00104(1.0),27/07/26 11:00:00,Annual,Percentage,Households; non-profit institutions serving households,"Gross debt-to-income ratio of households: ((AF4, liab)/(B6G+D8net)*100)",Cyprus,2024,94.68,p,
ESTAT:TEC00104(1.0),27/07/26 11:00:00,Annual,Percentage,Households; non-profit institutions serving households,"Gross debt-to-income ratio of households: ((AF4, liab)/(B6G+D8net)*100)",Czechia,2014,53.77,,
ESTAT:TEC00104(1.0),27/07/26 11:00:00,Annual,Percentage,Households; non-profit institutions serving households,"Gross debt-to-income ratio of households: ((AF4, liab)/(B6G+D8net)*100)",Czechia,2015,55.44,,
ESTAT:TEC00104(1.0),27/07/26 11:00:00,Annual,Percentage,Households; non-profit institutions serving households,"Gross debt-to-income ratio of households: ((AF4, liab)/(B6G+D8net)*100)",Czechia,2016,57.11,,
ESTAT:TEC00104(1.0),27/07/26 11:00:00,Annual,Percentage,Households; non-profit institutions serving households,"Gross debt-to-income ratio of households: ((AF4, liab)/(B6G+D8net)*100)",Czechia,2017,56.96,,
ESTAT:TEC00104(1.0),27/07/26 11:00:00,Annual,Percentage,Households; non-profit institutions serving households,"Gross debt-to-income ratio of households: ((AF4, liab)/(B6G+D8net)*100)",Czechia,2018,56.67,,
ESTAT:TEC00104(1.0),27/07/26 11:00:00,Annual,Percentage,Households; non-profit institutions serving households,"Gross debt-to-income ratio of households: ((AF4, liab)/(B6G+D8net)*100)",Czechia,2019,56.54,,
ESTAT:TEC00104(1.0),27/07/26 11:00:00,Annual,Percentage,Households; non-profit institutions serving households,"Gross debt-to-income ratio of households: ((AF4, liab)/(B6G+D8net)*100)",Czechia,2020,57.36,,
ESTAT:TEC00104(1.0),27/07/26 11:00:00,Annual,Percentage,Households; non-profit institutions serving households,"Gross debt-to-income ratio of households: ((AF4, liab)/(B6G+D8net)*100)",Czechia,2021,57.70,,
ESTAT:TEC00104(1.0),27/07/26 11:00:00,Annual,Percentage,Households; non-profit institutions serving households,"Gross debt-to-income ratio of households: ((AF4, liab)/(B6G+D8net)*100)",Czechia,2022,53.69,,
ESTAT:TEC00104(1.0),27/07/26 11:00:00,Annual,Percentage,Households; non-profit institutions serving households,"Gross debt-to-income ratio of households: ((AF4, liab)/(B6G+D8net)*100)",Czechia,2023,51.52,,
ESTAT:TEC00104(1.0),27/07/26 11:00:00,Annual,Percentage,Households; non-profit institutions serving households,"Gross debt-to-income ratio of households: ((AF4, liab)/(B6G+D8net)*100)",Czechia,2024,52.36,,
ESTAT:TEC00104(1.0),27/07/26 11:00:00,Annual,Percentage,Households; non-profit institutions serving households,"Gross debt-to-income ratio of households: ((AF4, liab)/(B6G+D8net)*100)",Czechia,2025,53.80,,
ESTAT:TEC00104(1.0),27/07/26 11:00:00,Annual,Percentage,Households; non-profit institutions serving households,"Gross debt-to-income ratio of households: ((AF4, liab)/(B6G+D8net)*100)",Germany,2014,82.01,,
ESTAT:TEC00104(1.0),27/07/26 11:00:00,Annual,Percentage,Households; non-profit institutions serving households,"Gross debt-to-income ratio of households: ((AF4, liab)/(B6G+D8net)*100)",Germany,2015,81.39,,
ESTAT:TEC00104(1.0),27/07/26 11:00:00,Annual,Percentage,Households; non-profit institutions serving households,"Gross debt-to-income ratio of households: ((AF4, liab)/(B6G+D8net)*100)",Germany,2016,81.48,,
ESTAT:TEC00104(1.0),27/07/26 11:00:00,Annual,Percentage,Households; non-profit institutions serving households,"Gross debt-to-income ratio of households: ((AF4, liab)/(B6G+D8net)*100)",Germany,2017,81.25,,
ESTAT:TEC00104(1.0),27/07/26 11:00:00,Annual,Percentage,Households; non-profit institutions serving households,"Gross debt-to-income ratio of households: ((AF4, liab)/(B6G+D8net)*100)",Germany,2018,80.14,,
ESTAT:TEC00104(1.0),27/07/26 11:00:00,Annual,Percentage,Households; non-profit institutions serving households,"Gross debt-to-income ratio of households: ((AF4, liab)/(B6G+D8net)*100)",Germany,2019,81.73,,
ESTAT:TEC00104(1.0),27/07/26 11:00:00,Annual,Percentage,Households; non-profit institutions serving households,"Gross debt-to-income ratio of households: ((AF4, liab)/(B6G+D8net)*100)",Germany,2020,84.76,,
ESTAT:TEC00104(1.0),27/07/26 11:00:00,Annual,Percentage,Households; non-profit institutions serving households,"Gross debt-to-income ratio of households: ((AF4, liab)/(B6G+D8net)*100)",Germany,2021,86.06,p,
ESTAT:TEC00104(1.0),27/07/26 11:00:00,Annual,Percentage,Households; non-profit institutions serving households,"Gross debt-to-income ratio of households: ((AF4, liab)/(B6G+D8net)*100)",Germany,2022,82.07,p,
ESTAT:TEC00104(1.0),27/07/26 11:00:00,Annual,Percentage,Households; non-profit institutions serving households,"Gross debt-to-income ratio of households: ((AF4, liab)/(B6G+D8net)*100)",Germany,2023,77.75,p,
ESTAT:TEC00104(1.0),27/07/26 11:00:00,Annual,Percentage,Households; non-profit institutions serving households,"Gross debt-to-income ratio of households: ((AF4, liab)/(B6G+D8net)*100)",Germany,2024,75.29,p,
ESTAT:TEC00104(1.0),27/07/26 11:00:00,Annual,Percentage,Households; non-profit institutions serving households,"Gross debt-to-income ratio of households: ((AF4, liab)/(B6G+D8net)*100)",Germany,2025,74.52,p,
ESTAT:TEC00104(1.0),27/07/26 11:00:00,Annual,Percentage,Households; non-profit institutions serving households,"Gross debt-to-income ratio of households: ((AF4, liab)/(B6G+D8net)*100)",Denmark,2014,254.62,,
ESTAT:TEC00104(1.0),27/07/26 11:00:00,Annual,Percentage,Households; non-profit institutions serving households,"Gross debt-to-income ratio of households: ((AF4, liab)/(B6G+D8net)*100)",Denmark,2015,229.25,,
ESTAT:TEC00104(1.0),27/07/26 11:00:00,Annual,Percentage,Households; non-profit institutions serving households,"Gross debt-to-income ratio of households: ((AF4, liab)/(B6G+D8net)*100)",Denmark,2016,224.90,,
ESTAT:TEC00104(1.0),27/07/26 11:00:00,Annual,Percentage,Households; non-profit institutions serving households,"Gross debt-to-income ratio of households: ((AF4, liab)/(B6G+D8net)*100)",Denmark,2017,218.34,,
ESTAT:TEC00104(1.0),27/07/26 11:00:00,Annual,Percentage,Households; non-profit institutions serving households,"Gross debt-to-income ratio of households: ((AF4, liab)/(B6G+D8net)*100)",Denmark,2018,211.96,,
ESTAT:TEC00104(1.0),27/07/26 11:00:00,Annual,Percentage,Households; non-profit institutions serving households,"Gross debt-to-income ratio of households: ((AF4, liab)/(B6G+D8net)*100)",Denmark,2019,213.12,,
ESTAT:TEC00104(1.0),27/07/26 11:00:00,Annual,Percentage,Households; non-profit institutions serving households,"Gross debt-to-income ratio of households: ((AF4, liab)/(B6G+D8net)*100)",Denmark,2020,217.12,,
ESTAT:TEC00104(1.0),27/07/26 11:00:00,Annual,Percentage,Households; non-profit institutions serving households,"Gross debt-to-income ratio of households: ((AF4, liab)/(B6G+D8net)*100)",Denmark,2021,207.84,,
ESTAT:TEC00104(1.0),27/07/26 11:00:00,Annual,Percentage,Households; non-profit institutions serving households,"Gross debt-to-income ratio of households: ((AF4, liab)/(B6G+D8net)*100)",Denmark,2022,173.32,,
ESTAT:TEC00104(1.0),27/07/26 11:00:00,Annual,Percentage,Households; non-profit institutions serving households,"Gross debt-to-income ratio of households: ((AF4, liab)/(B6G+D8net)*100)",Denmark,2023,167.89,,
ESTAT:TEC00104(1.0),27/07/26 11:00:00,Annual,Percentage,Households; non-profit institutions serving households,"Gross debt-to-income ratio of households: ((AF4, liab)/(B6G+D8net)*100)",Denmark,2024,167.58,,
ESTAT:TEC00104(1.0),27/07/26 11:00:00,Annual,Percentage,Households; non-profit institutions serving households,"Gross debt-to-income ratio of households: ((AF4, liab)/(B6G+D8net)*100)",Denmark,2025,163.05,,
ESTAT:TEC00104(1.0),27/07/26 11:00:00,Annual,Percentage,Households; non-profit institutions serving households,"Gross debt-to-income ratio of households: ((AF4, liab)/(B6G+D8net)*100)",Estonia,2014,69.61,,
ESTAT:TEC00104(1.0),27/07/26 11:00:00,Annual,Percentage,Households; non-profit institutions serving households,"Gross debt-to-income ratio of households: ((AF4, liab)/(B6G+D8net)*100)",Estonia,2015,68.38,,
ESTAT:TEC00104(1.0),27/07/26 11:00:00,Annual,Percentage,Households; non-profit institutions serving households,"Gross debt-to-income ratio of households: ((AF4, liab)/(B6G+D8net)*100)",Estonia,2016,69.13,,
ESTAT:TEC00104(1.0),27/07/26 11:00:00,Annual,Percentage,Households; non-profit institutions serving households,"Gross debt-to-income ratio of households: ((AF4, liab)/(B6G+D8net)*100)",Estonia,2017,69.22,,
ESTAT:TEC00104(1.0),27/07/26 11:00:00,Annual,Percentage,Households; non-profit institutions serving households,"Gross debt-to-income ratio of households: ((AF4, liab)/(B6G+D8net)*100)",Estonia,2018,65.75,,
ESTAT:TEC00104(1.0),27/07/26 11:00:00,Annual,Percentage,Households; non-profit institutions serving households,"Gross debt-to-income ratio of households: ((AF4, liab)/(B6G+D8net)*100)",Estonia,2019,66.36,,
ESTAT:TEC00104(1.0),27/07/26 11:00:00,Annual,Percentage,Households; non-profit institutions serving households,"Gross debt-to-income ratio of households: ((AF4, liab)/(B6G+D8net)*100)",Estonia,2020,68.29,,
ESTAT:TEC00104(1.0),27/07/26 11:00:00,Annual,Percentage,Households; non-profit institutions serving households,"Gross debt-to-income ratio of households: ((AF4, liab)/(B6G+D8net)*100)",Estonia,2021,69.05,,
ESTAT:TEC00104(1.0),27/07/26 11:00:00,Annual,Percentage,Households; non-profit institutions serving households,"Gross debt-to-income ratio of households: ((AF4, liab)/(B6G+D8net)*100)",Estonia,2022,67.83,,
ESTAT:TEC00104(1.0),27/07/26 11:00:00,Annual,Percentage,Households; non-profit institutions serving households,"Gross debt-to-income ratio of households: ((AF4, liab)/(B6G+D8net)*100)",Estonia,2023,65.98,,
ESTAT:TEC00104(1.0),27/07/26 11:00:00,Annual,Percentage,Households; non-profit institutions serving households,"Gross debt-to-income ratio of households: ((AF4, liab)/(B6G+D8net)*100)",Estonia,2024,66.10,,
ESTAT:TEC00104(1.0),27/07/26 11:00:00,Annual,Percentage,Households; non-profit institutions serving households,"Gross debt-to-income ratio of households: ((AF4, liab)/(B6G+D8net)*100)",Greece,2014,98.27,,
ESTAT:TEC00104(1.0),27/07/26 11:00:00,Annual,Percentage,Households; non-profit institutions serving households,"Gross debt-to-income ratio of households: ((AF4, liab)/(B6G+D8net)*100)",Greece,2015,94.35,,
ESTAT:TEC00104(1.0),27/07/26 11:00:00,Annual,Percentage,Households; non-profit institutions serving households,"Gross debt-to-income ratio of households: ((AF4, liab)/(B6G+D8net)*100)",Greece,2016,92.06,,
ESTAT:TEC00104(1.0),27/07/26 11:00:00,Annual,Percentage,Households; non-profit institutions serving households,"Gross debt-to-income ratio of households: ((AF4, liab)/(B6G+D8net)*100)",Greece,2017,88.09,,
ESTAT:TEC00104(1.0),27/07/26 11:00:00,Annual,Percentage,Households; non-profit institutions serving households,"Gross debt-to-income ratio of households: ((AF4, liab)/(B6G+D8net)*100)",Greece,2018,90.38,,
ESTAT:TEC00104(1.0),27/07/26 11:00:00,Annual,Percentage,Households; non-profit institutions serving households,"Gross debt-to-income ratio of households: ((AF4, liab)/(B6G+D8net)*100)",Greece,2019,81.88,,
ESTAT:TEC00104(1.0),27/07/26 11:00:00,Annual,Percentage,Households; non-profit institutions serving households,"Gross debt-to-income ratio of households: ((AF4, liab)/(B6G+D8net)*100)",Greece,2020,82.09,,
ESTAT:TEC00104(1.0),27/07/26 11:00:00,Annual,Percentage,Households; non-profit institutions serving households,"Gross debt-to-income ratio of households: ((AF4, liab)/(B6G+D8net)*100)",Greece,2021,76.31,,
ESTAT:TEC00104(1.0),27/07/26 11:00:00,Annual,Percentage,Households; non-profit institutions serving households,"Gross debt-to-income ratio of households: ((AF4, liab)/(B6G+D8net)*100)",Greece,2022,66.73,,
ESTAT:TEC00104(1.0),27/07/26 11:00:00,Annual,Percentage,Households; non-profit institutions serving households,"Gross debt-to-income ratio of households: ((AF4, liab)/(B6G+D8net)*100)",Greece,2023,60.53,p,
ESTAT:TEC00104(1.0),27/07/26 11:00:00,Annual,Percentage,Households; non-profit institutions serving households,"Gross debt-to-income ratio of households: ((AF4, liab)/(B6G+D8net)*100)",Greece,2024,58.18,p,
ESTAT:TEC00104(1.0),27/07/26 11:00:00,Annual,Percentage,Households; non-profit institutions serving households,"Gross debt-to-income ratio of households: ((AF4, liab)/(B6G+D8net)*100)",Spain,2014,114.68,,
ESTAT:TEC00104(1.0),27/07/26 11:00:00,Annual,Percentage,Households; non-profit institutions serving households,"Gross debt-to-income ratio of households: ((AF4, liab)/(B6G+D8net)*100)",Spain,2015,106.67,,
ESTAT:TEC00104(1.0),27/07/26 11:00:00,Annual,Percentage,Households; non-profit institutions serving households,"Gross debt-to-income ratio of households: ((AF4, liab)/(B6G+D8net)*100)",Spain,2016,101.80,,
ESTAT:TEC00104(1.0),27/07/26 11:00:00,Annual,Percentage,Households; non-profit institutions serving households,"Gross debt-to-income ratio of households: ((AF4, liab)/(B6G+D8net)*100)",Spain,2017,97.71,,
ESTAT:TEC00104(1.0),27/07/26 11:00:00,Annual,Percentage,Households; non-profit institutions serving households,"Gross debt-to-income ratio of households: ((AF4, liab)/(B6G+D8net)*100)",Spain,2018,94.72,,
ESTAT:TEC00104(1.0),27/07/26 11:00:00,Annual,Percentage,Households; non-profit institutions serving households,"Gross debt-to-income ratio of households: ((AF4, liab)/(B6G+D8net)*100)",Spain,2019,89.95,,
ESTAT:TEC00104(1.0),27/07/26 11:00:00,Annual,Percentage,Households; non-profit institutions serving households,"Gross debt-to-income ratio of households: ((AF4, liab)/(B6G+D8net)*100)",Spain,2020,91.23,,
ESTAT:TEC00104(1.0),27/07/26 11:00:00,Annual,Percentage,Households; non-profit institutions serving households,"Gross debt-to-income ratio of households: ((AF4, liab)/(B6G+D8net)*100)",Spain,2021,87.32,,
ESTAT:TEC00104(1.0),27/07/26 11:00:00,Annual,Percentage,Households; non-profit institutions serving households,"Gross debt-to-income ratio of households: ((AF4, liab)/(B6G+D8net)*100)",Spain,2022,82.92,,
ESTAT:TEC00104(1.0),27/07/26 11:00:00,Annual,Percentage,Households; non-profit institutions serving households,"Gross debt-to-income ratio of households: ((AF4, liab)/(B6G+D8net)*100)",Spain,2023,73.48,,
ESTAT:TEC00104(1.0),27/07/26 11:00:00,Annual,Percentage,Households; non-profit institutions serving households,"Gross debt-to-income ratio of households: ((AF4, liab)/(B6G+D8net)*100)",Spain,2024,68.84,,
ESTAT:TEC00104(1.0),27/07/26 11:00:00,Annual,Percentage,Households; non-profit institutions serving households,"Gross debt-to-income ratio of households: ((AF4, liab)/(B6G+D8net)*100)",Finland,2014,105.83,,
ESTAT:TEC00104(1.0),27/07/26 11:00:00,Annual,Percentage,Households; non-profit institutions serving households,"Gross debt-to-income ratio of households: ((AF4, liab)/(B6G+D8net)*100)",Finland,2015,107.82,,
ESTAT:TEC00104(1.0),27/07/26 11:00:00,Annual,Percentage,Households; non-profit institutions serving households,"Gross debt-to-income ratio of households: ((AF4, liab)/(B6G+D8net)*100)",Finland,2016,110.76,,
ESTAT:TEC00104(1.0),27/07/26 11:00:00,Annual,Percentage,Households; non-profit institutions serving households,"Gross debt-to-income ratio of households: ((AF4, liab)/(B6G+D8net)*100)",Finland,2017,113.10,,
ESTAT:TEC00104(1.0),27/07/26 11:00:00,Annual,Percentage,Households; non-profit institutions serving households,"Gross debt-to-income ratio of households: ((AF4, liab)/(B6G+D8net)*100)",Finland,2018,114.39,,
ESTAT:TEC00104(1.0),27/07/26 11:00:00,Annual,Percentage,Households; non-profit institutions serving households,"Gross debt-to-income ratio of households: ((AF4, liab)/(B6G+D8net)*100)",Finland,2019,114.64,,
ESTAT:TEC00104(1.0),27/07/26 11:00:00,Annual,Percentage,Households; non-profit institutions serving households,"Gross debt-to-income ratio of households: ((AF4, liab)/(B6G+D8net)*100)",Finland,2020,118.76,,
ESTAT:TEC00104(1.0),27/07/26 11:00:00,Annual,Percentage,Households; non-profit institutions serving households,"Gross debt-to-income ratio of households: ((AF4, liab)/(B6G+D8net)*100)",Finland,2021,119.67,,
ESTAT:TEC00104(1.0),27/07/26 11:00:00,Annual,Percentage,Households; non-profit institutions serving households,"Gross debt-to-income ratio of households: ((AF4, liab)/(B6G+D8net)*100)",Finland,2022,118.57,,
ESTAT:TEC00104(1.0),27/07/26 11:00:00,Annual,Percentage,Households; non-profit institutions serving households,"Gross debt-to-income ratio of households: ((AF4, liab)/(B6G+D8net)*100)",Finland,2023,112.39,,
ESTAT:TEC00104(1.0),27/07/26 11:00:00,Annual,Percentage,Households; non-profit institutions serving households,"Gross debt-to-income ratio of households: ((AF4, liab)/(B6G+D8net)*100)",Finland,2024,109.03,,
ESTAT:TEC00104(1.0),27/07/26 11:00:00,Annual,Percentage,Households; non-profit institutions serving households,"Gross debt-to-income ratio of households: ((AF4, liab)/(B6G+D8net)*100)",Finland,2025,106.90,,
ESTAT:TEC00104(1.0),27/07/26 11:00:00,Annual,Percentage,Households; non-profit institutions serving households,"Gross debt-to-income ratio of households: ((AF4, liab)/(B6G+D8net)*100)",France,2014,88.98,,
ESTAT:TEC00104(1.0),27/07/26 11:00:00,Annual,Percentage,Households; non-profit institutions serving households,"Gross debt-to-income ratio of households: ((AF4, liab)/(B6G+D8net)*100)",France,2015,90.50,,
ESTAT:TEC00104(1.0),27/07/26 11:00:00,Annual,Percentage,Households; non-profit institutions serving households,"Gross debt-to-income ratio of households: ((AF4, liab)/(B6G+D8net)*100)",France,2016,92.13,,
ESTAT:TEC00104(1.0),27/07/26 11:00:00,Annual,Percentage,Households; non-profit institutions serving households,"Gross debt-to-income ratio of households: ((AF4, liab)/(B6G+D8net)*100)",France,2017,94.34,,
ESTAT:TEC00104(1.0),27/07/26 11:00:00,Annual,Percentage,Households; non-profit institutions serving households,"Gross debt-to-income ratio of households: ((AF4, liab)/(B6G+D8net)*100)",France,2018,96.55,,
ESTAT:TEC00104(1.0),27/07/26 11:00:00,Annual,Percentage,Households; non-profit institutions serving households,"Gross debt-to-income ratio of households: ((AF4, liab)/(B6G+D8net)*100)",France,2019,98.82,,
ESTAT:TEC00104(1.0),27/07/26 11:00:00,Annual,Percentage,Households; non-profit institutions serving households,"Gross debt-to-income ratio of households: ((AF4, liab)/(B6G+D8net)*100)",France,2020,101.80,,
ESTAT:TEC00104(1.0),27/07/26 11:00:00,Annual,Percentage,Households; non-profit institutions serving households,"Gross debt-to-income ratio of households: ((AF4, liab)/(B6G+D8net)*100)",France,2021,102.22,,
ESTAT:TEC00104(1.0),27/07/26 11:00:00,Annual,Percentage,Households; non-profit institutions serving households,"Gross debt-to-income ratio of households: ((AF4, liab)/(B6G+D8net)*100)",France,2022,101.67,,
ESTAT:TEC00104(1.0),27/07/26 11:00:00,Annual,Percentage,Households; non-profit institutions serving households,"Gross debt-to-income ratio of households: ((AF4, liab)/(B6G+D8net)*100)",France,2023,95.27,p,
ESTAT:TEC00104(1.0),27/07/26 11:00:00,Annual,Percentage,Households; non-profit institutions serving households,"Gross debt-to-income ratio of households: ((AF4, liab)/(B6G+D8net)*100)",France,2024,90.94,p,
ESTAT:TEC00104(1.0),27/07/26 11:00:00,Annual,Percentage,Households; non-profit institutions serving households,"Gross debt-to-income ratio of households: ((AF4, liab)/(B6G+D8net)*100)",Croatia,2014,61.56,,
ESTAT:TEC00104(1.0),27/07/26 11:00:00,Annual,Percentage,Households; non-profit institutions serving households,"Gross debt-to-income ratio of households: ((AF4, liab)/(B6G+D8net)*100)",Croatia,2015,61.42,,
ESTAT:TEC00104(1.0),27/07/26 11:00:00,Annual,Percentage,Households; non-profit institutions serving households,"Gross debt-to-income ratio of households: ((AF4, liab)/(B6G+D8net)*100)",Croatia,2016,55.86,,
ESTAT:TEC00104(1.0),27/07/26 11:00:00,Annual,Percentage,Households; non-profit institutions serving households,"Gross debt-to-income ratio of households: ((AF4, liab)/(B6G+D8net)*100)",Croatia,2017,55.60,,
ESTAT:TEC00104(1.0),27/07/26 11:00:00,Annual,Percentage,Households; non-profit institutions serving households,"Gross debt-to-income ratio of households: ((AF4, liab)/(B6G+D8net)*100)",Croatia,2018,55.13,,
ESTAT:TEC00104(1.0),27/07/26 11:00:00,Annual,Percentage,Households; non-profit institutions serving households,"Gross debt-to-income ratio of households: ((AF4, liab)/(B6G+D8net)*100)",Croatia,2019,56.08,,
ESTAT:TEC00104(1.0),27/07/26 11:00:00,Annual,Percentage,Households; non-profit institutions serving households,"Gross debt-to-income ratio of households: ((AF4, liab)/(B6G+D8net)*100)",Croatia,2020,57.25,,
ESTAT:TEC00104(1.0),27/07/26 11:00:00,Annual,Percentage,Households; non-profit institutions serving households,"Gross debt-to-income ratio of households: ((AF4, liab)/(B6G+D8net)*100)",Croatia,2021,52.70,,
ESTAT:TEC00104(1.0),27/07/26 11:00:00,Annual,Percentage,Households; non-profit institutions serving households,"Gross debt-to-income ratio of households: ((AF4, liab)/(B6G+D8net)*100)",Croatia,2022,49.42,,
ESTAT:TEC00104(1.0),27/07/26 11:00:00,Annual,Percentage,Households; non-profit institutions serving households,"Gross debt-to-income ratio of households: ((AF4, liab)/(B6G+D8net)*100)",Croatia,2023,48.15,,
ESTAT:TEC00104(1.0),27/07/26 11:00:00,Annual,Percentage,Households; non-profit institutions serving households,"Gross debt-to-income ratio of households: ((AF4, liab)/(B6G+D8net)*100)",Croatia,2024,47.97,p,
ESTAT:TEC00104(1.0),27/07/26 11:00:00,Annual,Percentage,Households; non-profit institutions serving households,"Gross debt-to-income ratio of households: ((AF4, liab)/(B6G+D8net)*100)",Hungary,2014,45.11,,
ESTAT:TEC00104(1.0),27/07/26 11:00:00,Annual,Percentage,Households; non-profit institutions serving households,"Gross debt-to-income ratio of households: ((AF4, liab)/(B6G+D8net)*100)",Hungary,2015,38.14,,
ESTAT:TEC00104(1.0),27/07/26 11:00:00,Annual,Percentage,Households; non-profit institutions serving households,"Gross debt-to-income ratio of households: ((AF4, liab)/(B6G+D8net)*100)",Hungary,2016,35.55,,
ESTAT:TEC00104(1.0),27/07/26 11:00:00,Annual,Percentage,Households; non-profit institutions serving households,"Gross debt-to-income ratio of households: ((AF4, liab)/(B6G+D8net)*100)",Hungary,2017,32.57,,
ESTAT:TEC00104(1.0),27/07/26 11:00:00,Annual,Percentage,Households; non-profit institutions serving households,"Gross debt-to-income ratio of households: ((AF4, liab)/(B6G+D8net)*100)",Hungary,2018,30.54,,
ESTAT:TEC00104(1.0),27/07/26 11:00:00,Annual,Percentage,Households; non-profit institutions serving households,"Gross debt-to-income ratio of households: ((AF4, liab)/(B6G+D8net)*100)",Hungary,2019,31.38,,
ESTAT:TEC00104(1.0),27/07/26 11:00:00,Annual,Percentage,Households; non-profit institutions serving households,"Gross debt-to-income ratio of households: ((AF4, liab)/(B6G+D8net)*100)",Hungary,2020,34.77,,
ESTAT:TEC00104(1.0),27/07/26 11:00:00,Annual,Percentage,Households; non-profit institutions serving households,"Gross debt-to-income ratio of households: ((AF4, liab)/(B6G+D8net)*100)",Hungary,2021,35.07,,
ESTAT:TEC00104(1.0),27/07/26 11:00:00,Annual,Percentage,Households; non-profit institutions serving households,"Gross debt-to-income ratio of households: ((AF4, liab)/(B6G+D8net)*100)",Hungary,2022,31.03,,
ESTAT:TEC00104(1.0),27/07/26 11:00:00,Annual,Percentage,Households; non-profit institutions serving households,"Gross debt-to-income ratio of households: ((AF4, liab)/(B6G+D8net)*100)",Hungary,2023,27.20,,
ESTAT:TEC00104(1.0),27/07/26 11:00:00,Annual,Percentage,Households; non-profit institutions serving households,"Gross debt-to-income ratio of households: ((AF4, liab)/(B6G+D8net)*100)",Hungary,2024,26.81,,
ESTAT:TEC00104(1.0),27/07/26 11:00:00,Annual,Percentage,Households; non-profit institutions serving households,"Gross debt-to-income ratio of households: ((AF4, liab)/(B6G+D8net)*100)",Ireland,2014,176.06,,
ESTAT:TEC00104(1.0),27/07/26 11:00:00,Annual,Percentage,Households; non-profit institutions serving households,"Gross debt-to-income ratio of households: ((AF4, liab)/(B6G+D8net)*100)",Ireland,2015,156.33,,
ESTAT:TEC00104(1.0),27/07/26 11:00:00,Annual,Percentage,Households; non-profit institutions serving households,"Gross debt-to-income ratio of households: ((AF4, liab)/(B6G+D8net)*100)",Ireland,2016,139.57,,
ESTAT:TEC00104(1.0),27/07/26 11:00:00,Annual,Percentage,Households; non-profit institutions serving households,"Gross debt-to-income ratio of households: ((AF4, liab)/(B6G+D8net)*100)",Ireland,2017,146.07,,
ESTAT:TEC00104(1.0),27/07/26 11:00:00,Annual,Percentage,Households; non-profit institutions serving households,"Gross debt-to-income ratio of households: ((AF4, liab)/(B6G+D8net)*100)",Ireland,2018,135.23,,
ESTAT:TEC00104(1.0),27/07/26 11:00:00,Annual,Percentage,Households; non-profit institutions serving households,"Gross debt-to-income ratio of households: ((AF4, liab)/(B6G+D8net)*100)",Ireland,2019,103.76,,
ESTAT:TEC00104(1.0),27/07/26 11:00:00,Annual,Percentage,Households; non-profit institutions serving households,"Gross debt-to-income ratio of households: ((AF4, liab)/(B6G+D8net)*100)",Ireland,2020,98.49,,
ESTAT:TEC00104(1.0),27/07/26 11:00:00,Annual,Percentage,Households; non-profit institutions serving households,"Gross debt-to-income ratio of households: ((AF4, liab)/(B6G+D8net)*100)",Ireland,2021,93.41,,
ESTAT:TEC00104(1.0),27/07/26 11:00:00,Annual,Percentage,Households; non-profit institutions serving households,"Gross debt-to-income ratio of households: ((AF4, liab)/(B6G+D8net)*100)",Ireland,2022,93.64,,
ESTAT:TEC00104(1.0),27/07/26 11:00:00,Annual,Percentage,Households; non-profit institutions serving households,"Gross debt-to-income ratio of households: ((AF4, liab)/(B6G+D8net)*100)",Ireland,2023,82.33,,
ESTAT:TEC00104(1.0),27/07/26 11:00:00,Annual,Percentage,Households; non-profit institutions serving households,"Gross debt-to-income ratio of households: ((AF4, liab)/(B6G+D8net)*100)",Ireland,2024,75.10,,
ESTAT:TEC00104(1.0),27/07/26 11:00:00,Annual,Percentage,Households; non-profit institutions serving households,"Gross debt-to-income ratio of households: ((AF4, liab)/(B6G+D8net)*100)",Italy,2014,61.71,,
ESTAT:TEC00104(1.0),27/07/26 11:00:00,Annual,Percentage,Households; non-profit institutions serving households,"Gross debt-to-income ratio of households: ((AF4, liab)/(B6G+D8net)*100)",Italy,2015,60.98,,
ESTAT:TEC00104(1.0),27/07/26 11:00:00,Annual,Percentage,Households; non-profit institutions serving households,"Gross debt-to-income ratio of households: ((AF4, liab)/(B6G+D8net)*100)",Italy,2016,60.85,,
ESTAT:TEC00104(1.0),27/07/26 11:00:00,Annual,Percentage,Households; non-profit institutions serving households,"Gross debt-to-income ratio of households: ((AF4, liab)/(B6G+D8net)*100)",Italy,2017,60.41,,
ESTAT:TEC00104(1.0),27/07/26 11:00:00,Annual,Percentage,Households; non-profit institutions serving households,"Gross debt-to-income ratio of households: ((AF4, liab)/(B6G+D8net)*100)",Italy,2018,60.63,,
ESTAT:TEC00104(1.0),27/07/26 11:00:00,Annual,Percentage,Households; non-profit institutions serving households,"Gross debt-to-income ratio of households: ((AF4, liab)/(B6G+D8net)*100)",Italy,2019,61.61,,
ESTAT:TEC00104(1.0),27/07/26 11:00:00,Annual,Percentage,Households; non-profit institutions serving households,"Gross debt-to-income ratio of households: ((AF4, liab)/(B6G+D8net)*100)",Italy,2020,63.73,,
ESTAT:TEC00104(1.0),27/07/26 11:00:00,Annual,Percentage,Households; non-profit institutions serving households,"Gross debt-to-income ratio of households: ((AF4, liab)/(B6G+D8net)*100)",Italy,2021,63.01,,
ESTAT:TEC00104(1.0),27/07/26 11:00:00,Annual,Percentage,Households; non-profit institutions serving households,"Gross debt-to-income ratio of households: ((AF4, liab)/(B6G+D8net)*100)",Italy,2022,60.67,,
ESTAT:TEC00104(1.0),27/07/26 11:00:00,Annual,Percentage,Households; non-profit institutions serving households,"Gross debt-to-income ratio of households: ((AF4, liab)/(B6G+D8net)*100)",Italy,2023,56.91,,
ESTAT:TEC00104(1.0),27/07/26 11:00:00,Annual,Percentage,Households; non-profit institutions serving households,"Gross debt-to-income ratio of households: ((AF4, liab)/(B6G+D8net)*100)",Italy,2024,55.43,,
ESTAT:TEC00104(1.0),27/07/26 11:00:00,Annual,Percentage,Households; non-profit institutions serving households,"Gross debt-to-income ratio of households: ((AF4, liab)/(B6G+D8net)*100)",Lithuania,2014,35.89,,
ESTAT:TEC00104(1.0),27/07/26 11:00:00,Annual,Percentage,Households; non-profit institutions serving households,"Gross debt-to-income ratio of households: ((AF4, liab)/(B6G+D8net)*100)",Lithuania,2015,36.65,,
ESTAT:TEC00104(1.0),27/07/26 11:00:00,Annual,Percentage,Households; non-profit institutions serving households,"Gross debt-to-income ratio of households: ((AF4, liab)/(B6G+D8net)*100)",Lithuania,2016,36.11,,
ESTAT:TEC00104(1.0),27/07/26 11:00:00,Annual,Percentage,Households; non-profit institutions serving households,"Gross debt-to-income ratio of households: ((AF4, liab)/(B6G+D8net)*100)",Lithuania,2017,38.13,,
ESTAT:TEC00104(1.0),27/07/26 11:00:00,Annual,Percentage,Households; non-profit institutions serving households,"Gross debt-to-income ratio of households: ((AF4, liab)/(B6G+D8net)*100)",Lithuania,2018,38.59,,
ESTAT:TEC00104(1.0),27/07/26 11:00:00,Annual,Percentage,Households; non-profit institutions serving households,"Gross debt-to-income ratio of households: ((AF4, liab)/(B6G+D8net)*100)",Lithuania,2019,38.42,,
ESTAT:TEC00104(1.0),27/07/26 11:00:00,Annual,Percentage,Households; non-profit institutions serving households,"Gross debt-to-income ratio of households: ((AF4, liab)/(B6G+D8net)*100)",Lithuania,2020,37.75,,
ESTAT:TEC00104(1.0),27/07/26 11:00:00,Annual,Percentage,Households; non-profit institutions serving households,"Gross debt-to-income ratio of households: ((AF4, liab)/(B6G+D8net)*100)",Lithuania,2021,37.28,,
ESTAT:TEC00104(1.0),27/07/26 11:00:00,Annual,Percentage,Households; non-profit institutions serving households,"Gross debt-to-income ratio of households: ((AF4, liab)/(B6G+D8net)*100)",Lithuania,2022,36.43,,
ESTAT:TEC00104(1.0),27/07/26 11:00:00,Annual,Percentage,Households; non-profit institutions serving households,"Gross debt-to-income ratio of households: ((AF4, liab)/(B6G+D8net)*100)",Lithuania,2023,35.47,,
ESTAT:TEC00104(1.0),27/07/26 11:00:00,Annual,Percentage,Households; non-profit institutions serving households,"Gross debt-to-income ratio of households: ((AF4, liab)/(B6G+D8net)*100)",Lithuania,2024,36.68,,
ESTAT:TEC00104(1.0),27/07/26 11:00:00,Annual,Percentage,Households; non-profit institutions serving households,"Gross debt-to-income ratio of households: ((AF4, liab)/(B6G+D8net)*100)",Luxembourg,2014,153.21,,
ESTAT:TEC00104(1.0),27/07/26 11:00:00,Annual,Percentage,Households; non-profit institutions serving households,"Gross debt-to-income ratio of households: ((AF4, liab)/(B6G+D8net)*100)",Luxembourg,2015,159.12,,
ESTAT:TEC00104(1.0),27/07/26 11:00:00,Annual,Percentage,Households; non-profit institutions serving households,"Gross debt-to-income ratio of households: ((AF4, liab)/(B6G+D8net)*100)",Luxembourg,2016,165.01,,
ESTAT:TEC00104(1.0),27/07/26 11:00:00,Annual,Percentage,Households; non-profit institutions serving households,"Gross debt-to-income ratio of households: ((AF4, liab)/(B6G+D8net)*100)",Luxembourg,2017,165.40,,
ESTAT:TEC00104(1.0),27/07/26 11:00:00,Annual,Percentage,Households; non-profit institutions serving households,"Gross debt-to-income ratio of households: ((AF4, liab)/(B6G+D8net)*100)",Luxembourg,2018,172.97,,
ESTAT:TEC00104(1.0),27/07/26 11:00:00,Annual,Percentage,Households; non-profit institutions serving households,"Gross debt-to-income ratio of households: ((AF4, liab)/(B6G+D8net)*100)",Luxembourg,2019,172.55,b,
ESTAT:TEC00104(1.0),27/07/26 11:00:00,Annual,Percentage,Households; non-profit institutions serving households,"Gross debt-to-income ratio of households: ((AF4, liab)/(B6G+D8net)*100)",Luxembourg,2020,170.46,,
ESTAT:TEC00104(1.0),27/07/26 11:00:00,Annual,Percentage,Households; non-profit institutions serving households,"Gross debt-to-income ratio of households: ((AF4, liab)/(B6G+D8net)*100)",Luxembourg,2021,180.75,,
ESTAT:TEC00104(1.0),27/07/26 11:00:00,Annual,Percentage,Households; non-profit institutions serving households,"Gross debt-to-income ratio of households: ((AF4, liab)/(B6G+D8net)*100)",Luxembourg,2022,182.52,,
ESTAT:TEC00104(1.0),27/07/26 11:00:00,Annual,Percentage,Households; non-profit institutions serving households,"Gross debt-to-income ratio of households: ((AF4, liab)/(B6G+D8net)*100)",Luxembourg,2023,169.04,,
ESTAT:TEC00104(1.0),27/07/26 11:00:00,Annual,Percentage,Households; non-profit institutions serving households,"Gross debt-to-income ratio of households: ((AF4, liab)/(B6G+D8net)*100)",Luxembourg,2024,164.64,,
ESTAT:TEC00104(1.0),27/07/26 11:00:00,Annual,Percentage,Households; non-profit institutions serving households,"Gross debt-to-income ratio of households: ((AF4, liab)/(B6G+D8net)*100)",Latvia,2014,45.31,,
ESTAT:TEC00104(1.0),27/07/26 11:00:00,Annual,Percentage,Households; non-profit institutions serving households,"Gross debt-to-income ratio of households: ((AF4, liab)/(B6G+D8net)*100)",Latvia,2015,44.36,,
ESTAT:TEC00104(1.0),27/07/26 11:00:00,Annual,Percentage,Households; non-profit institutions serving households,"Gross debt-to-income ratio of households: ((AF4, liab)/(B6G+D8net)*100)",Latvia,2016,39.76,,
ESTAT:TEC00104(1.0),27/07/26 11:00:00,Annual,Percentage,Households; non-profit institutions serving households,"Gross debt-to-income ratio of households: ((AF4, liab)/(B6G+D8net)*100)",Latvia,2017,37.45,,
ESTAT:TEC00104(1.0),27/07/26 11:00:00,Annual,Percentage,Households; non-profit institutions serving households,"Gross debt-to-income ratio of households: ((AF4, liab)/(B6G+D8net)*100)",Latvia,2018,33.87,,
ESTAT:TEC00104(1.0),27/07/26 11:00:00,Annual,Percentage,Households; non-profit institutions serving households,"Gross debt-to-income ratio of households: ((AF4, liab)/(B6G+D8net)*100)",Latvia,2019,32.70,,
ESTAT:TEC00104(1.0),27/07/26 11:00:00,Annual,Percentage,Households; non-profit institutions serving households,"Gross debt-to-income ratio of households: ((AF4, liab)/(B6G+D8net)*100)",Latvia,2020,32.13,,
ESTAT:TEC00104(1.0),27/07/26 11:00:00,Annual,Percentage,Households; non-profit institutions serving households,"Gross debt-to-income ratio of households: ((AF4, liab)/(B6G+D8net)*100)",Latvia,2021,32.72,,
ESTAT:TEC00104(1.0),27/07/26 11:00:00,Annual,Percentage,Households; non-profit institutions serving households,"Gross debt-to-income ratio of households: ((AF4, liab)/(B6G+D8net)*100)",Latvia,2022,31.00,,
ESTAT:TEC00104(1.0),27/07/26 11:00:00,Annual,Percentage,Households; non-profit institutions serving households,"Gross debt-to-income ratio of households: ((AF4, liab)/(B6G+D8net)*100)",Latvia,2023,30.90,,
ESTAT:TEC00104(1.0),27/07/26 11:00:00,Annual,Percentage,Households; non-profit institutions serving households,"Gross debt-to-income ratio of households: ((AF4, liab)/(B6G+D8net)*100)",Latvia,2024,31.27,,
ESTAT:TEC00104(1.0),27/07/26 11:00:00,Annual,Percentage,Households; non-profit institutions serving households,"Gross debt-to-income ratio of households: ((AF4, liab)/(B6G+D8net)*100)",Malta,2014,95.58,,
ESTAT:TEC00104(1.0),27/07/26 11:00:00,Annual,Percentage,Households; non-profit institutions serving households,"Gross debt-to-income ratio of households: ((AF4, liab)/(B6G+D8net)*100)",Malta,2015,92.50,,
ESTAT:TEC00104(1.0),27/07/26 11:00:00,Annual,Percentage,Households; non-profit institutions serving households,"Gross debt-to-income ratio of households: ((AF4, liab)/(B6G+D8net)*100)",Malta,2016,90.64,,
ESTAT:TEC00104(1.0),27/07/26 11:00:00,Annual,Percentage,Households; non-profit institutions serving households,"Gross debt-to-income ratio of households: ((AF4, liab)/(B6G+D8net)*100)",Malta,2017,99.65,,
ESTAT:TEC00104(1.0),27/07/26 11:00:00,Annual,Percentage,Households; non-profit institutions serving households,"Gross debt-to-income ratio of households: ((AF4, liab)/(B6G+D8net)*100)",Malta,2018,99.31,,
ESTAT:TEC00104(1.0),27/07/26 11:00:00,Annual,Percentage,Households; non-profit institutions serving households,"Gross debt-to-income ratio of households: ((AF4, liab)/(B6G+D8net)*100)",Malta,2019,102.20,,
ESTAT:TEC00104(1.0),27/07/26 11:00:00,Annual,Percentage,Households; non-profit institutions serving households,"Gross debt-to-income ratio of households: ((AF4, liab)/(B6G+D8net)*100)",Malta,2020,103.28,,
ESTAT:TEC00104(1.0),27/07/26 11:00:00,Annual,Percentage,Households; non-profit institutions serving households,"Gross debt-to-income ratio of households: ((AF4, liab)/(B6G+D8net)*100)",Malta,2021,99.88,p,
ESTAT:TEC00104(1.0),27/07/26 11:00:00,Annual,Percentage,Households; non-profit institutions serving households,"Gross debt-to-income ratio of households: ((AF4, liab)/(B6G+D8net)*100)",Malta,2022,97.38,p,
ESTAT:TEC00104(1.0),27/07/26 11:00:00,Annual,Percentage,Households; non-profit institutions serving households,"Gross debt-to-income ratio of households: ((AF4, liab)/(B6G+D8net)*100)",Malta,2023,89.81,p,
ESTAT:TEC00104(1.0),27/07/26 11:00:00,Annual,Percentage,Households; non-profit institutions serving households,"Gross debt-to-income ratio of households: ((AF4, liab)/(B6G+D8net)*100)",Malta,2024,83.88,p,
ESTAT:TEC00104(1.0),27/07/26 11:00:00,Annual,Percentage,Households; non-profit institutions serving households,"Gross debt-to-income ratio of households: ((AF4, liab)/(B6G+D8net)*100)",Netherlands,2014,226.43,,
ESTAT:TEC00104(1.0),27/07/26 11:00:00,Annual,Percentage,Households; non-profit institutions serving households,"Gross debt-to-income ratio of households: ((AF4, liab)/(B6G+D8net)*100)",Netherlands,2015,225.97,,
ESTAT:TEC00104(1.0),27/07/26 11:00:00,Annual,Percentage,Households; non-profit institutions serving households,"Gross debt-to-income ratio of households: ((AF4, liab)/(B6G+D8net)*100)",Netherlands,2016,222.99,,
ESTAT:TEC00104(1.0),27/07/26 11:00:00,Annual,Percentage,Households; non-profit institutions serving households,"Gross debt-to-income ratio of households: ((AF4, liab)/(B6G+D8net)*100)",Netherlands,2017,224.27,,
ESTAT:TEC00104(1.0),27/07/26 11:00:00,Annual,Percentage,Households; non-profit institutions serving households,"Gross debt-to-income ratio of households: ((AF4, liab)/(B6G+D8net)*100)",Netherlands,2018,217.84,,
ESTAT:TEC00104(1.0),27/07/26 11:00:00,Annual,Percentage,Households; non-profit institutions serving households,"Gross debt-to-income ratio of households: ((AF4, liab)/(B6G+D8net)*100)",Netherlands,2019,209.84,,
ESTAT:TEC00104(1.0),27/07/26 11:00:00,Annual,Percentage,Households; non-profit institutions serving households,"Gross debt-to-income ratio of households: ((AF4, liab)/(B6G+D8net)*100)",Netherlands,2020,209.34,,
ESTAT:TEC00104(1.0),27/07/26 11:00:00,Annual,Percentage,Households; non-profit institutions serving households,"Gross debt-to-income ratio of households: ((AF4, liab)/(B6G+D8net)*100)",Netherlands,2021,206.69,,
ESTAT:TEC00104(1.0),27/07/26 11:00:00,Annual,Percentage,Households; non-profit institutions serving households,"Gross debt-to-income ratio of households: ((AF4, liab)/(B6G+D8net)*100)",Netherlands,2022,197.12,,
ESTAT:TEC00104(1.0),27/07/26 11:00:00,Annual,Percentage,Households; non-profit institutions serving households,"Gross debt-to-income ratio of households: ((AF4, liab)/(B6G+D8net)*100)",Netherlands,2023,183.17,,
ESTAT:TEC00104(1.0),27/07/26 11:00:00,Annual,Percentage,Households; non-profit institutions serving households,"Gross debt-to-income ratio of households: ((AF4, liab)/(B6G+D8net)*100)",Netherlands,2024,180.46,,
ESTAT:TEC00104(1.0),27/07/26 11:00:00,Annual,Percentage,Households; non-profit institutions serving households,"Gross debt-to-income ratio of households: ((AF4, liab)/(B6G+D8net)*100)",Netherlands,2025,180.14,p,
ESTAT:TEC00104(1.0),27/07/26 11:00:00,Annual,Percentage,Households; non-profit institutions serving households,"Gross debt-to-income ratio of households: ((AF4, liab)/(B6G+D8net)*100)",Poland,2014,54.56,,
ESTAT:TEC00104(1.0),27/07/26 11:00:00,Annual,Percentage,Households; non-profit institutions serving households,"Gross debt-to-income ratio of households: ((AF4, liab)/(B6G+D8net)*100)",Poland,2015,56.59,,
ESTAT:TEC00104(1.0),27/07/26 11:00:00,Annual,Percentage,Households; non-profit institutions serving households,"Gross debt-to-income ratio of households: ((AF4, liab)/(B6G+D8net)*100)",Poland,2016,56.80,,
ESTAT:TEC00104(1.0),27/07/26 11:00:00,Annual,Percentage,Households; non-profit institutions serving households,"Gross debt-to-income ratio of households: ((AF4, liab)/(B6G+D8net)*100)",Poland,2017,55.06,,
ESTAT:TEC00104(1.0),27/07/26 11:00:00,Annual,Percentage,Households; non-profit institutions serving households,"Gross debt-to-income ratio of households: ((AF4, liab)/(B6G+D8net)*100)",Poland,2018,55.69,,
ESTAT:TEC00104(1.0),27/07/26 11:00:00,Annual,Percentage,Households; non-profit institutions serving households,"Gross debt-to-income ratio of households: ((AF4, liab)/(B6G+D8net)*100)",Poland,2019,55.23,,
ESTAT:TEC00104(1.0),27/07/26 11:00:00,Annual,Percentage,Households; non-profit institutions serving households,"Gross debt-to-income ratio of households: ((AF4, liab)/(B6G+D8net)*100)",Poland,2020,52.66,,
ESTAT:TEC00104(1.0),27/07/26 11:00:00,Annual,Percentage,Households; non-profit institutions serving households,"Gross debt-to-income ratio of households: ((AF4, liab)/(B6G+D8net)*100)",Poland,2021,53.55,,
ESTAT:TEC00104(1.0),27/07/26 11:00:00,Annual,Percentage,Households; non-profit institutions serving households,"Gross debt-to-income ratio of households: ((AF4, liab)/(B6G+D8net)*100)",Poland,2022,44.62,,
ESTAT:TEC00104(1.0),27/07/26 11:00:00,Annual,Percentage,Households; non-profit institutions serving households,"Gross debt-to-income ratio of households: ((AF4, liab)/(B6G+D8net)*100)",Poland,2023,39.02,,
ESTAT:TEC00104(1.0),27/07/26 11:00:00,Annual,Percentage,Households; non-profit institutions serving households,"Gross debt-to-income ratio of households: ((AF4, liab)/(B6G+D8net)*100)",Poland,2024,36.43,,
ESTAT:TEC00104(1.0),27/07/26 11:00:00,Annual,Percentage,Households; non-profit institutions serving households,"Gross debt-to-income ratio of households: ((AF4, liab)/(B6G+D8net)*100)",Portugal,2014,114.32,,
ESTAT:TEC00104(1.0),27/07/26 11:00:00,Annual,Percentage,Households; non-profit institutions serving households,"Gross debt-to-income ratio of households: ((AF4, liab)/(B6G+D8net)*100)",Portugal,2015,107.42,,
ESTAT:TEC00104(1.0),27/07/26 11:00:00,Annual,Percentage,Households; non-profit institutions serving households,"Gross debt-to-income ratio of households: ((AF4, liab)/(B6G+D8net)*100)",Portugal,2016,101.84,,
ESTAT:TEC00104(1.0),27/07/26 11:00:00,Annual,Percentage,Households; non-profit institutions serving households,"Gross debt-to-income ratio of households: ((AF4, liab)/(B6G+D8net)*100)",Portugal,2017,99.45,,
ESTAT:TEC00104(1.0),27/07/26 11:00:00,Annual,Percentage,Households; non-profit institutions serving households,"Gross debt-to-income ratio of households: ((AF4, liab)/(B6G+D8net)*100)",Portugal,2018,95.31,,
ESTAT:TEC00104(1.0),27/07/26 11:00:00,Annual,Percentage,Households; non-profit institutions serving households,"Gross debt-to-income ratio of households: ((AF4, liab)/(B6G+D8net)*100)",Portugal,2019,91.81,,
ESTAT:TEC00104(1.0),27/07/26 11:00:00,Annual,Percentage,Households; non-profit institutions serving households,"Gross debt-to-income ratio of households: ((AF4, liab)/(B6G+D8net)*100)",Portugal,2020,94.33,,
ESTAT:TEC00104(1.0),27/07/26 11:00:00,Annual,Percentage,Households; non-profit institutions serving households,"Gross debt-to-income ratio of households: ((AF4, liab)/(B6G+D8net)*100)",Portugal,2021,92.81,,
ESTAT:TEC00104(1.0),27/07/26 11:00:00,Annual,Percentage,Households; non-profit institutions serving households,"Gross debt-to-income ratio of households: ((AF4, liab)/(B6G+D8net)*100)",Portugal,2022,87.83,,
ESTAT:TEC00104(1.0),27/07/26 11:00:00,Annual,Percentage,Households; non-profit institutions serving households,"Gross debt-to-income ratio of households: ((AF4, liab)/(B6G+D8net)*100)",Portugal,2023,80.01,,
ESTAT:TEC00104(1.0),27/07/26 11:00:00,Annual,Percentage,Households; non-profit institutions serving households,"Gross debt-to-income ratio of households: ((AF4, liab)/(B6G+D8net)*100)",Portugal,2024,75.57,p,
ESTAT:TEC00104(1.0),27/07/26 11:00:00,Annual,Percentage,Households; non-profit institutions serving households,"Gross debt-to-income ratio of households: ((AF4, liab)/(B6G+D8net)*100)",Portugal,2025,77.53,p,
ESTAT:TEC00104(1.0),27/07/26 11:00:00,Annual,Percentage,Households; non-profit institutions serving households,"Gross debt-to-income ratio of households: ((AF4, liab)/(B6G+D8net)*100)",Romania,2014,32.18,,
ESTAT:TEC00104(1.0),27/07/26 11:00:00,Annual,Percentage,Households; non-profit institutions serving households,"Gross debt-to-income ratio of households: ((AF4, liab)/(B6G+D8net)*100)",Romania,2015,30.84,,
ESTAT:TEC00104(1.0),27/07/26 11:00:00,Annual,Percentage,Households; non-profit institutions serving households,"Gross debt-to-income ratio of households: ((AF4, liab)/(B6G+D8net)*100)",Romania,2016,29.04,,
ESTAT:TEC00104(1.0),27/07/26 11:00:00,Annual,Percentage,Households; non-profit institutions serving households,"Gross debt-to-income ratio of households: ((AF4, liab)/(B6G+D8net)*100)",Romania,2017,27.43,,
ESTAT:TEC00104(1.0),27/07/26 11:00:00,Annual,Percentage,Households; non-profit institutions serving households,"Gross debt-to-income ratio of households: ((AF4, liab)/(B6G+D8net)*100)",Romania,2018,27.84,,
ESTAT:TEC00104(1.0),27/07/26 11:00:00,Annual,Percentage,Households; non-profit institutions serving households,"Gross debt-to-income ratio of households: ((AF4, liab)/(B6G+D8net)*100)",Romania,2019,25.59,,
ESTAT:TEC00104(1.0),27/07/26 11:00:00,Annual,Percentage,Households; non-profit institutions serving households,"Gross debt-to-income ratio of households: ((AF4, liab)/(B6G+D8net)*100)",Romania,2020,25.91,,
ESTAT:TEC00104(1.0),27/07/26 11:00:00,Annual,Percentage,Households; non-profit institutions serving households,"Gross debt-to-income ratio of households: ((AF4, liab)/(B6G+D8net)*100)",Romania,2021,26.17,,
ESTAT:TEC00104(1.0),27/07/26 11:00:00,Annual,Percentage,Households; non-profit institutions serving households,"Gross debt-to-income ratio of households: ((AF4, liab)/(B6G+D8net)*100)",Romania,2022,24.05,,
ESTAT:TEC00104(1.0),27/07/26 11:00:00,Annual,Percentage,Households; non-profit institutions serving households,"Gross debt-to-income ratio of households: ((AF4, liab)/(B6G+D8net)*100)",Romania,2023,21.21,,
ESTAT:TEC00104(1.0),27/07/26 11:00:00,Annual,Percentage,Households; non-profit institutions serving households,"Gross debt-to-income ratio of households: ((AF4, liab)/(B6G+D8net)*100)",Romania,2024,20.19,p,
ESTAT:TEC00104(1.0),27/07/26 11:00:00,Annual,Percentage,Households; non-profit institutions serving households,"Gross debt-to-income ratio of households: ((AF4, liab)/(B6G+D8net)*100)",Romania,2025,19.52,p,
ESTAT:TEC00104(1.0),27/07/26 11:00:00,Annual,Percentage,Households; non-profit institutions serving households,"Gross debt-to-income ratio of households: ((AF4, liab)/(B6G+D8net)*100)",Sweden,2014,145.80,,
ESTAT:TEC00104(1.0),27/07/26 11:00:00,Annual,Percentage,Households; non-profit institutions serving households,"Gross debt-to-income ratio of households: ((AF4, liab)/(B6G+D8net)*100)",Sweden,2015,152.28,,
ESTAT:TEC00104(1.0),27/07/26 11:00:00,Annual,Percentage,Households; non-profit institutions serving households,"Gross debt-to-income ratio of households: ((AF4, liab)/(B6G+D8net)*100)",Sweden,2016,156.80,,
ESTAT:TEC00104(1.0),27/07/26 11:00:00,Annual,Percentage,Households; non-profit institutions serving households,"Gross debt-to-income ratio of households: ((AF4, liab)/(B6G+D8net)*100)",Sweden,2017,161.93,,
ESTAT:TEC00104(1.0),27/07/26 11:00:00,Annual,Percentage,Households; non-profit institutions serving households,"Gross debt-to-income ratio of households: ((AF4, liab)/(B6G+D8net)*100)",Sweden,2018,161.37,,
ESTAT:TEC00104(1.0),27/07/26 11:00:00,Annual,Percentage,Households; non-profit institutions serving households,"Gross debt-to-income ratio of households: ((AF4, liab)/(B6G+D8net)*100)",Sweden,2019,161.23,,
ESTAT:TEC00104(1.0),27/07/26 11:00:00,Annual,Percentage,Households; non-profit institutions serving households,"Gross debt-to-income ratio of households: ((AF4, liab)/(B6G+D8net)*100)",Sweden,2020,172.68,,
ESTAT:TEC00104(1.0),27/07/26 11:00:00,Annual,Percentage,Households; non-profit institutions serving households,"Gross debt-to-income ratio of households: ((AF4, liab)/(B6G+D8net)*100)",Sweden,2021,170.85,,
ESTAT:TEC00104(1.0),27/07/26 11:00:00,Annual,Percentage,Households; non-profit institutions serving households,"Gross debt-to-income ratio of households: ((AF4, liab)/(B6G+D8net)*100)",Sweden,2022,165.04,,
ESTAT:TEC00104(1.0),27/07/26 11:00:00,Annual,Percentage,Households; non-profit institutions serving households,"Gross debt-to-income ratio of households: ((AF4, liab)/(B6G+D8net)*100)",Sweden,2023,155.54,,
ESTAT:TEC00104(1.0),27/07/26 11:00:00,Annual,Percentage,Households; non-profit institutions serving households,"Gross debt-to-income ratio of households: ((AF4, liab)/(B6G+D8net)*100)",Sweden,2024,148.32,,
ESTAT:TEC00104(1.0),27/07/26 11:00:00,Annual,Percentage,Households; non-profit institutions serving households,"Gross debt-to-income ratio of households: ((AF4, liab)/(B6G+D8net)*100)",Sweden,2025,150.36,,
ESTAT:TEC00104(1.0),27/07/26 11:00:00,Annual,Percentage,Households; non-profit institutions serving households,"Gross debt-to-income ratio of households: ((AF4, liab)/(B6G+D8net)*100)",Slovenia,2014,46.37,,
ESTAT:TEC00104(1.0),27/07/26 11:00:00,Annual,Percentage,Households; non-profit institutions serving households,"Gross debt-to-income ratio of households: ((AF4, liab)/(B6G+D8net)*100)",Slovenia,2015,45.87,,
ESTAT:TEC00104(1.0),27/07/26 11:00:00,Annual,Percentage,Households; non-profit institutions serving households,"Gross debt-to-income ratio of households: ((AF4, liab)/(B6G+D8net)*100)",Slovenia,2016,45.32,,
ESTAT:TEC00104(1.0),27/07/26 11:00:00,Annual,Percentage,Households; non-profit institutions serving households,"Gross debt-to-income ratio of households: ((AF4, liab)/(B6G+D8net)*100)",Slovenia,2017,45.61,,
ESTAT:TEC00104(1.0),27/07/26 11:00:00,Annual,Percentage,Households; non-profit institutions serving households,"Gross debt-to-income ratio of households: ((AF4, liab)/(B6G+D8net)*100)",Slovenia,2018,45.45,,
ESTAT:TEC00104(1.0),27/07/26 11:00:00,Annual,Percentage,Households; non-profit institutions serving households,"Gross debt-to-income ratio of households: ((AF4, liab)/(B6G+D8net)*100)",Slovenia,2019,44.83,,
ESTAT:TEC00104(1.0),27/07/26 11:00:00,Annual,Percentage,Households; non-profit institutions serving households,"Gross debt-to-income ratio of households: ((AF4, liab)/(B6G+D8net)*100)",Slovenia,2020,43.08,,
ESTAT:TEC00104(1.0),27/07/26 11:00:00,Annual,Percentage,Households; non-profit institutions serving households,"Gross debt-to-income ratio of households: ((AF4, liab)/(B6G+D8net)*100)",Slovenia,2021,42.37,,
ESTAT:TEC00104(1.0),27/07/26 11:00:00,Annual,Percentage,Households; non-profit institutions serving households,"Gross debt-to-income ratio of households: ((AF4, liab)/(B6G+D8net)*100)",Slovenia,2022,41.38,,
ESTAT:TEC00104(1.0),27/07/26 11:00:00,Annual,Percentage,Households; non-profit institutions serving households,"Gross debt-to-income ratio of households: ((AF4, liab)/(B6G+D8net)*100)",Slovenia,2023,39.52,,
ESTAT:TEC00104(1.0),27/07/26 11:00:00,Annual,Percentage,Households; non-profit institutions serving households,"Gross debt-to-income ratio of households: ((AF4, liab)/(B6G+D8net)*100)",Slovenia,2024,40.37,,
ESTAT:TEC00104(1.0),27/07/26 11:00:00,Annual,Percentage,Households; non-profit institutions serving households,"Gross debt-to-income ratio of households: ((AF4, liab)/(B6G+D8net)*100)",Slovakia,2014,54.52,,
ESTAT:TEC00104(1.0),27/07/26 11:00:00,Annual,Percentage,Households; non-profit institutions serving households,"Gross debt-to-income ratio of households: ((AF4, liab)/(B6G+D8net)*100)",Slovakia,2015,58.20,,
ESTAT:TEC00104(1.0),27/07/26 11:00:00,Annual,Percentage,Households; non-profit institutions serving households,"Gross debt-to-income ratio of households: ((AF4, liab)/(B6G+D8net)*100)",Slovakia,2016,63.56,,
ESTAT:TEC00104(1.0),27/07/26 11:00:00,Annual,Percentage,Households; non-profit institutions serving households,"Gross debt-to-income ratio of households: ((AF4, liab)/(B6G+D8net)*100)",Slovakia,2017,67.67,,
ESTAT:TEC00104(1.0),27/07/26 11:00:00,Annual,Percentage,Households; non-profit institutions serving households,"Gross debt-to-income ratio of households: ((AF4, liab)/(B6G+D8net)*100)",Slovakia,2018,67.99,,
ESTAT:TEC00104(1.0),27/07/26 11:00:00,Annual,Percentage,Households; non-profit institutions serving households,"Gross debt-to-income ratio of households: ((AF4, liab)/(B6G+D8net)*100)",Slovakia,2019,70.12,,
ESTAT:TEC00104(1.0),27/07/26 11:00:00,Annual,Percentage,Households; non-profit institutions serving households,"Gross debt-to-income ratio of households: ((AF4, liab)/(B6G+D8net)*100)",Slovakia,2020,70.84,,
ESTAT:TEC00104(1.0),27/07/26 11:00:00,Annual,Percentage,Households; non-profit institutions serving households,"Gross debt-to-income ratio of households: ((AF4, liab)/(B6G+D8net)*100)",Slovakia,2021,72.46,,
ESTAT:TEC00104(1.0),27/07/26 11:00:00,Annual,Percentage,Households; non-profit institutions serving households,"Gross debt-to-income ratio of households: ((AF4, liab)/(B6G+D8net)*100)",Slovakia,2022,72.00,,
ESTAT:TEC00104(1.0),27/07/26 11:00:00,Annual,Percentage,Households; non-profit institutions serving households,"Gross debt-to-income ratio of households: ((AF4, liab)/(B6G+D8net)*100)",Slovakia,2023,69.24,,
ESTAT:TEC00104(1.0),27/07/26 11:00:00,Annual,Percentage,Households; non-profit institutions serving households,"Gross debt-to-income ratio of households: ((AF4, liab)/(B6G+D8net)*100)",Slovakia,2024,67.50,,
